frame,label,measured,error
0,"(334, 305)","(334, 305)",0.0
1,"(334, 305)","(334, 304)",1.0
2,"(334, 304)","(334, 304)",0.0
3,"(333, 304)","(334, 304)",1.0
4,"(333, 303)","(333, 304)",1.0
5,"(333, 303)","(333, 304)",1.0
6,"(333, 303)","(333, 304)",1.0
7,"(333, 303)","(333, 304)",1.0
8,"(333, 302)","(333, 304)",2.0
9,"(333, 302)","(333, 303)",1.0
10,"(333, 302)","(333, 302)",0.0
11,"(333, 302)","(332, 302)",1.0
12,"(333, 302)","(333, 302)",0.0
13,"(332, 302)","(332, 302)",0.0
14,"(332, 302)","(332, 302)",0.0
15,"(332, 302)","(332, 302)",0.0
16,"(332, 302)","(332, 302)",0.0
17,"(332, 302)","(332, 302)",0.0
18,"(331, 302)","(331, 302)",0.0
19,"(331, 302)","(331, 302)",0.0
20,"(331, 302)","(331, 302)",0.0
21,"(331, 302)","(331, 301)",1.0
22,"(331, 301)","(331, 301)",0.0
23,"(330, 301)","(331, 301)",1.0
24,"(330, 300)","(331, 300)",1.0
25,"(330, 300)","(330, 300)",0.0
26,"(330, 300)","(330, 299)",1.0
27,"(330, 299)","(330, 299)",0.0
28,"(329, 299)","(329, 299)",0.0
29,"(329, 298)","(329, 299)",1.0
30,"(329, 298)","(329, 298)",0.0
31,"(329, 298)","(329, 298)",0.0
32,"(329, 298)","(329, 299)",1.0
33,"(328, 298)","(328, 299)",1.0
34,"(328, 298)","(329, 299)",1.4142135623730951
35,"(328, 298)","(329, 298)",1.0
36,"(328, 298)","(328, 297)",1.0
37,"(328, 298)","(328, 297)",1.0
38,"(328, 297)","(327, 297)",1.0
39,"(328, 297)","(327, 297)",1.0
40,"(328, 297)","(327, 297)",1.0
41,"(328, 296)","(327, 297)",1.4142135623730951
42,"(328, 296)","(327, 296)",1.0
43,"(327, 295)","(327, 295)",0.0
44,"(327, 295)","(327, 295)",0.0
45,"(327, 294)","(327, 294)",0.0
46,"(327, 293)","(326, 293)",1.0
47,"(327, 293)","(327, 293)",0.0
48,"(326, 292)","(326, 293)",1.0
49,"(326, 292)","(326, 292)",0.0
50,"(326, 291)","(326, 291)",0.0
51,"(326, 290)","(326, 291)",1.0
52,"(326, 290)","(326, 290)",0.0
53,"(326, 289)","(326, 290)",1.0
54,"(326, 289)","(325, 289)",1.0
55,"(326, 288)","(326, 289)",1.0
56,"(326, 288)","(326, 288)",0.0
57,"(326, 288)","(326, 288)",0.0
58,"(326, 287)","(326, 287)",0.0
59,"(326, 287)","(326, 287)",0.0
60,"(326, 287)","(326, 287)",0.0
61,"(326, 284)","(326, 286)",2.0
62,"(326, 281)","(326, 285)",4.0
63,"(327, 278)","(327, 279)",1.0
64,"(327, 275)","(328, 274)",1.4142135623730951
65,"(327, 272)","(329, 273)",2.23606797749979
66,"(327, 271)","(329, 273)",2.8284271247461903
67,"(327, 271)","(328, 272)",1.4142135623730951
68,"(328, 270)","(133, 114)",249.7218452598811
69,"(328, 270)","(328, 270)",0.0
70,"(328, 269)","(329, 269)",1.0
71,"(328, 268)","(328, 268)",0.0
72,"(328, 267)","(328, 267)",0.0
73,"(328, 267)","(328, 267)",0.0
74,"(328, 266)","(328, 266)",0.0
75,"(328, 265)","(328, 265)",0.0
76,"(328, 264)","(329, 265)",1.4142135623730951
77,"(328, 263)","(328, 263)",0.0
78,"(328, 262)","(329, 262)",1.0
79,"(328, 261)","(329, 261)",1.0
80,"(328, 260)","(329, 261)",1.4142135623730951
81,"(328, 259)","(329, 260)",1.4142135623730951
82,"(328, 258)","(329, 259)",1.4142135623730951
83,"(328, 258)","(329, 258)",1.0
84,"(328, 257)","(329, 257)",1.0
85,"(328, 256)","(329, 256)",1.0
86,"(329, 255)","(329, 256)",1.0
87,"(329, 254)","(330, 255)",1.4142135623730951
88,"(330, 254)","(330, 254)",0.0
89,"(330, 253)","(331, 254)",1.4142135623730951
90,"(331, 252)","(331, 253)",1.0
91,"(331, 251)","(331, 251)",0.0
92,"(331, 251)","(331, 251)",0.0
93,"(331, 250)","(331, 250)",0.0
94,"(331, 250)","(331, 249)",1.0
95,"(331, 249)","(331, 248)",1.0
96,"(331, 248)","(331, 248)",0.0
97,"(331, 247)","(331, 247)",0.0
98,"(332, 247)","(331, 246)",1.4142135623730951
99,"(332, 246)","(331, 245)",1.4142135623730951
100,"(332, 245)","(331, 244)",1.4142135623730951
101,"(332, 244)","(331, 244)",1.0
102,"(332, 244)","(331, 243)",1.4142135623730951
103,"(332, 243)","(331, 243)",1.0
104,"(332, 243)","(331, 242)",1.4142135623730951
105,"(332, 242)","(331, 242)",1.0
106,"(332, 242)","(331, 242)",1.0
107,"(332, 241)","(331, 241)",1.0
108,"(331, 241)","(331, 241)",0.0
109,"(331, 240)","(332, 240)",1.0
110,"(331, 240)","(331, 240)",0.0
111,"(332, 239)","(331, 240)",1.4142135623730951
112,"(333, 239)","(332, 240)",1.4142135623730951
113,"(335, 238)","(334, 238)",1.0
114,"(336, 238)","(337, 237)",1.4142135623730951
115,"(337, 237)","(337, 236)",1.0
116,"(338, 235)","(337, 236)",1.4142135623730951
117,"(338, 236)","(337, 236)",1.0
118,"(339, 236)","(336, 236)",3.0
119,"(338, 236)","(338, 236)",0.0
120,"(339, 236)","(337, 236)",2.0
121,"(340, 238)","(338, 236)",2.8284271247461903
122,"(336, 236)","(338, 236)",2.0
123,"(337, 237)","(141, 64)",261.4287665885298
124,"(337, 237)","(338, 236)",1.4142135623730951
125,"(337, 237)","(338, 236)",1.4142135623730951
126,"(337, 237)","(338, 237)",1.0
127,"(337, 237)","(338, 237)",1.0
128,"(337, 238)","(337, 238)",0.0
129,"(337, 238)","(338, 238)",1.0
130,"(337, 238)","(337, 239)",1.0
131,"(337, 239)","(337, 239)",0.0
132,"(337, 239)","(338, 239)",1.0
133,"(338, 240)","(338, 239)",1.0
134,"(338, 240)","(339, 240)",1.0
135,"(338, 241)","(339, 240)",1.4142135623730951
136,"(338, 241)","(339, 241)",1.0
137,"(338, 241)","(339, 241)",1.0
138,"(339, 242)","(339, 242)",0.0
139,"(339, 242)","(339, 242)",0.0
140,"(339, 242)","(339, 242)",0.0
141,"(339, 242)","(339, 242)",0.0
142,"(339, 243)","(340, 242)",1.4142135623730951
143,"(339, 243)","(340, 243)",1.0
144,"(339, 244)","(341, 243)",2.23606797749979
145,"(339, 244)","(342, 243)",3.1622776601683795
146,"(339, 244)","(341, 243)",2.23606797749979
147,"(339, 244)","(0, 0)",417.68049990393376
148,"(339, 243)","(342, 243)",3.0
149,"(339, 243)","(343, 243)",4.0
150,"(339, 243)","(343, 242)",4.123105625617661
151,"(341, 244)","(344, 243)",3.1622776601683795
152,"(344, 245)","(345, 243)",2.23606797749979
153,"(346, 246)","(345, 243)",3.1622776601683795
154,"(349, 247)","(0, 0)",427.56286087545067
155,"(351, 248)","(0, 0)",429.7731959999367
156,"(352, 249)","(0, 0)",431.16702100230253
157,"(353, 249)","(0, 0)",431.983795992396
158,"(355, 250)","(0, 0)",434.1946568072896
159,"(356, 250)","(0, 0)",435.0126434944161
160,"(357, 251)","(0, 0)",436.4057744805859
161,"(358, 251)","(0, 0)",437.2241987813575
162,"(359, 251)","(0, 0)",438.0433768475446
163,"(359, 252)","(0, 0)",438.6171451277298
164,"(360, 252)","(0, 0)",439.4360021664133
165,"(361, 252)","(0, 0)",440.25560757360034
166,"(362, 252)","(0, 0)",441.0759571774458
167,"(363, 253)","(0, 0)",442.46807794461284
168,"(364, 253)","(0, 0)",443.28884488558924
169,"(365, 254)","(0, 0)",444.6807843835845
170,"(366, 254)","(0, 0)",445.50196408096787
171,"(367, 254)","(0, 0)",446.323873437216
172,"(368, 255)","(0, 0)",447.7153113307607
173,"(368, 255)","(0, 0)",447.7153113307607
174,"(369, 256)","(0, 0)",449.106891508024
175,"(370, 256)","(0, 0)",449.92888326934514
176,"(371, 256)","(0, 0)",450.7515945617941
177,"(372, 257)","(0, 0)",452.142676596669
178,"(372, 257)","(0, 0)",452.142676596669
179,"(373, 258)","(0, 0)",453.5339017096737
180,"(374, 258)","(0, 0)",454.35668807666957
181,"(375, 259)","(0, 0)",455.7477372406801
182,"(376, 260)","(0, 0)",457.1389285545479
183,"(378, 260)","(0, 0)",458.7853528612264
184,"(379, 261)","(0, 0)",460.1760532665732
185,"(380, 262)","(0, 0)",461.5668965599678
186,"(383, 265)","(0, 0)",465.74027096655493
187,"(386, 268)","(0, 0)",469.91488591020396
188,"(389, 271)","(28, 199)",368.11003789627904
189,"(392, 274)","(0, 0)",478.2677074609993
190,"(395, 277)","(0, 0)",482.4458518839187
191,"(396, 278)","(27, 201)",376.9482723133242
192,"(397, 278)","(0, 0)",484.65761110293107
193,"(399, 279)","(0, 0)",486.8695923961569
194,"(400, 279)","(0, 0)",487.68945036775193
195,"(401, 280)","(0, 0)",489.08179275045603
196,"(402, 280)","(0, 0)",489.9020310225301
197,"(402, 281)","(0, 0)",490.47426028284093
198,"(403, 281)","(0, 0)",491.29420920666263
199,"(403, 282)","(0, 0)",491.86685190201626
200,"(404, 282)","(0, 0)",492.6865129065337
201,"(405, 282)","(28, 198)",386.24474106452243
202,"(406, 283)","(0, 0)",494.8989795907848
203,"(407, 283)","(0, 0)",495.71967885086025
204,"(408, 284)","(0, 0)",497.11165747747253
205,"(409, 284)","(0, 0)",497.9327263797791
206,"(409, 284)","(0, 0)",497.9327263797791
207,"(410, 284)","(0, 0)",498.7544486017142
208,"(410, 284)","(0, 0)",498.7544486017142
209,"(411, 284)","(0, 0)",499.5768209194658
210,"(411, 284)","(0, 0)",499.5768209194658
211,"(411, 285)","(0, 0)",500.145978690222
212,"(411, 285)","(29, 197)",392.0051020076142
213,"(412, 286)","(30, 196)",392.4589150471677
214,"(412, 286)","(0, 0)",501.5376356765263
215,"(412, 287)","(0, 0)",502.10855400002896
216,"(412, 287)","(0, 0)",502.10855400002896
217,"(413, 288)","(32, 196)",391.95025194532025
218,"(413, 288)","(0, 0)",503.5007447859437
219,"(414, 289)","(29, 197)",395.8396139852604
220,"(414, 289)","(0, 0)",504.8930579835694
221,"(414, 290)","(0, 0)",505.46612151557696
222,"(414, 290)","(0, 0)",505.46612151557696
223,"(415, 291)","(0, 0)",506.8589547398763
224,"(415, 291)","(0, 0)",506.8589547398763
225,"(416, 290)","(30, 197)",397.04533746160524
226,"(416, 291)","(30, 197)",397.28075714788906
227,"(416, 291)","(0, 0)",507.6780475852782
228,"(417, 292)","(0, 0)",509.070722002356
229,"(417, 293)","(0, 0)",509.64497446752085
230,"(420, 294)","(0, 0)",512.6753358608155
231,"(421, 294)","(0, 0)",513.4948879979235
232,"(421, 296)","(31, 198)",402.1243588742169
233,"(420, 295)","(0, 0)",513.2494520211395
234,"(421, 295)","(0, 0)",514.068088875394
235,"(421, 296)","(0, 0)",514.6425944284052
236,"(421, 294)","(0, 0)",513.4948879979235
237,"(420, 293)","(0, 0)",512.1025287967244
238,"(420, 295)","(0, 0)",513.2494520211395
239,"(421, 296)","(0, 0)",514.6425944284052
240,"(421, 294)","(0, 0)",513.4948879979235
241,"(420, 295)","(0, 0)",513.2494520211395
242,"(421, 294)","(0, 0)",513.4948879979235
243,"(420, 295)","(0, 0)",513.2494520211395
244,"(419, 296)","(0, 0)",513.0077972116993
245,"(420, 297)","(0, 0)",514.4015940877322
246,"(421, 296)","(0, 0)",514.6425944284052
247,"(420, 298)","(0, 0)",514.979611246892
248,"(420, 298)","(0, 0)",514.979611246892
249,"(421, 298)","(0, 0)",515.7955021129983
250,"(420, 297)","(0, 0)",514.4015940877322
251,"(420, 299)","(0, 0)",515.558920008179
252,"(420, 297)","(0, 0)",514.4015940877322
253,"(420, 302)","(0, 0)",517.3045524640199
254,"(419, 301)","(0, 0)",515.9089066879927
255,"(419, 300)","(0, 0)",515.3261103417913
256,"(419, 304)","(0, 0)",517.6649495571436
257,"(418, 304)","(493, 427)",144.06248644251562
258,"(419, 305)","(493, 424)",140.13208055259867
259,"(420, 308)","(0, 0)",520.8301066566717
260,"(420, 308)","(0, 0)",520.8301066566717
261,"(419, 306)","(0, 0)",518.8419797973174
262,"(420, 314)","(493, 424)",132.01893803541975
263,"(420, 319)","(0, 0)",527.4097079121696
264,"(419, 321)","(0, 0)",527.8276233771779
265,"(418, 322)","(0, 0)",527.6438192568922
266,"(419, 322)","(0, 0)",528.4363727072541
267,"(418, 325)","(0, 0)",529.4799335196755
268,"(419, 327)","(0, 0)",531.4978833447975
269,"(418, 326)","(0, 0)",530.0943312279429
270,"(418, 326)","(0, 0)",530.0943312279429
271,"(417, 328)","(0, 0)",530.5402906471854
272,"(417, 327)","(0, 0)",529.9226358630098
273,"(418, 329)","(417, 330)",1.4142135623730951
274,"(416, 330)","(0, 0)",530.9952918811993
275,"(416, 329)","(492, 427)",124.01612798341996
276,"(415, 331)","(0, 0)",530.8351909962263
277,"(416, 331)","(0, 0)",531.6173435846501
278,"(415, 332)","(0, 0)",531.4593117069264
279,"(415, 331)","(0, 0)",530.8351909962263
280,"(415, 330)","(0, 0)",530.2122216622322
281,"(416, 334)","(0, 0)",533.4903935405023
282,"(413, 333)","(0, 0)",530.5261539264582
283,"(413, 331)","(0, 0)",529.2730864119203
284,"(415, 333)","(0, 0)",532.0845797427322
285,"(413, 333)","(0, 0)",530.5261539264582
286,"(413, 331)","(414, 335)",4.123105625617661
287,"(414, 334)","(0, 0)",531.9323265228388
288,"(413, 337)","(413, 336)",1.0
289,"(413, 336)","(0, 0)",532.4143123545797
290,"(412, 338)","(0, 0)",532.90524486066
291,"(413, 337)","(0, 0)",533.0459642469868
292,"(411, 340)","(412, 337)",3.1622776601683795
293,"(411, 340)","(0, 0)",533.4050993382046
294,"(410, 340)","(490, 431)",121.16517651536682
295,"(410, 340)","(0, 0)",532.634959423431
296,"(410, 340)","(0, 0)",532.634959423431
297,"(409, 341)","(0, 0)",532.5053990336623
298,"(409, 341)","(0, 0)",532.5053990336623
299,"(408, 342)","(0, 0)",532.379563845195
300,"(408, 342)","(410, 339)",3.605551275463989
301,"(408, 341)","(409, 338)",3.1622776601683795
302,"(407, 340)","(408, 337)",3.1622776601683795
303,"(407, 340)","(408, 339)",1.4142135623730951
304,"(406, 339)","(407, 337)",2.23606797749979
305,"(406, 338)","(406, 338)",0.0
306,"(405, 337)","(406, 339)",2.23606797749979
307,"(405, 336)","(406, 338)",2.23606797749979
308,"(404, 336)","(405, 338)",2.23606797749979
309,"(404, 335)","(404, 337)",2.0
310,"(403, 334)","(403, 334)",0.0
311,"(402, 332)","(400, 329)",3.605551275463989
312,"(401, 330)","(400, 327)",3.1622776601683795
313,"(399, 328)","(400, 327)",1.4142135623730951
314,"(398, 326)","(399, 326)",1.0
315,"(397, 324)","(398, 326)",2.23606797749979
316,"(397, 323)","(397, 325)",2.0
317,"(396, 323)","(0, 0)",511.0234828263766
318,"(396, 322)","(0, 0)",510.3920062069938
319,"(395, 322)","(0, 0)",509.6165224951012
320,"(395, 321)","(0, 0)",508.9852650126524
321,"(394, 321)","(0, 0)",508.2096024279746
322,"(393, 320)","(393, 322)",2.0
323,"(393, 320)","(486, 422)",138.03260484392808
324,"(392, 319)","(392, 320)",1.0
325,"(391, 319)","(391, 320)",1.0
326,"(390, 318)","(486, 422)",141.53444810363305
327,"(389, 318)","(0, 0)",502.4390510300727
328,"(389, 317)","(0, 0)",501.8067357060883
329,"(388, 317)","(388, 318)",1.0
330,"(387, 316)","(387, 317)",1.0
331,"(386, 316)","(386, 318)",2.0
332,"(385, 315)","(385, 317)",2.0
333,"(384, 315)","(384, 315)",0.0
334,"(383, 314)","(384, 315)",1.4142135623730951
335,"(382, 314)","(382, 314)",0.0
336,"(381, 313)","(380, 313)",1.0
337,"(380, 312)","(379, 312)",1.0
338,"(378, 311)","(378, 311)",0.0
339,"(377, 310)","(376, 310)",1.0
340,"(376, 309)","(375, 310)",1.4142135623730951
341,"(375, 308)","(374, 308)",1.0
342,"(373, 307)","(373, 308)",1.0
343,"(372, 306)","(371, 307)",1.4142135623730951
344,"(370, 305)","(370, 305)",0.0
345,"(369, 304)","(369, 304)",0.0
346,"(367, 303)","(367, 304)",1.0
347,"(365, 302)","(366, 302)",1.0
348,"(364, 300)","(364, 301)",1.0
349,"(362, 299)","(362, 300)",1.0
350,"(360, 298)","(361, 298)",1.0
351,"(358, 297)","(359, 297)",1.0
352,"(357, 296)","(357, 296)",0.0
353,"(355, 294)","(0, 0)",460.93491948430204
354,"(354, 293)","(0, 0)",459.52693065804095
355,"(352, 292)","(352, 293)",1.0
356,"(350, 291)","(348, 291)",2.0
357,"(347, 290)","(346, 290)",1.0
358,"(345, 289)","(344, 289)",1.0
359,"(342, 288)","(342, 288)",0.0
360,"(340, 287)","(340, 287)",0.0
361,"(337, 286)","(339, 286)",2.0
362,"(335, 285)","(336, 285)",1.0
363,"(332, 283)","(334, 284)",2.23606797749979
364,"(330, 282)","(332, 283)",2.23606797749979
365,"(327, 281)","(327, 281)",0.0
366,"(323, 280)","(324, 280)",1.0
367,"(319, 279)","(322, 279)",3.0
368,"(315, 278)","(320, 279)",5.0990195135927845
369,"(311, 277)","(316, 278)",5.0990195135927845
370,"(307, 276)","(307, 276)",0.0
371,"(304, 275)","(301, 274)",3.1622776601683795
372,"(301, 274)","(299, 273)",2.23606797749979
373,"(299, 273)","(297, 272)",2.23606797749979
374,"(296, 272)","(114, 120)",237.12443990445186
375,"(293, 271)","(292, 271)",1.0
376,"(291, 270)","(111, 119)",234.94893062110327
377,"(289, 269)","(288, 270)",1.4142135623730951
378,"(286, 269)","(286, 269)",0.0
379,"(284, 268)","(284, 268)",0.0
380,"(282, 267)","(282, 267)",0.0
381,"(279, 266)","(280, 267)",1.4142135623730951
382,"(277, 265)","(278, 266)",1.4142135623730951
383,"(274, 265)","(276, 266)",2.23606797749979
384,"(272, 264)","(274, 265)",2.23606797749979
385,"(269, 263)","(270, 263)",1.0
386,"(267, 262)","(268, 262)",1.0
387,"(265, 262)","(265, 262)",0.0
388,"(264, 261)","(263, 261)",1.0
389,"(262, 261)","(262, 260)",1.0
390,"(260, 260)","(259, 260)",1.0
391,"(258, 259)","(257, 259)",1.0
392,"(256, 259)","(256, 258)",1.0
393,"(253, 258)","(254, 258)",1.0
394,"(251, 258)","(252, 257)",1.4142135623730951
395,"(249, 257)","(249, 256)",1.0
396,"(247, 257)","(247, 256)",1.0
397,"(245, 256)","(245, 256)",0.0
398,"(244, 256)","(244, 255)",1.0
399,"(242, 255)","(241, 255)",1.0
400,"(240, 255)","(240, 254)",1.0
401,"(237, 255)","(238, 254)",1.4142135623730951
402,"(233, 254)","(236, 254)",3.0
403,"(230, 254)","(234, 253)",4.123105625617661
404,"(226, 253)","(230, 253)",4.0
405,"(223, 253)","(224, 253)",1.0
406,"(221, 253)","(221, 252)",1.0
407,"(220, 252)","(220, 252)",0.0
408,"(218, 252)","(218, 251)",1.0
409,"(217, 251)","(216, 251)",1.0
410,"(215, 251)","(214, 251)",1.0
411,"(214, 251)","(213, 250)",1.4142135623730951
412,"(213, 250)","(92, 84)",205.41908382621125
413,"(211, 250)","(211, 250)",0.0
414,"(210, 249)","(92, 82)",204.48227307030797
415,"(209, 249)","(209, 250)",1.0
416,"(208, 249)","(208, 249)",0.0
417,"(207, 249)","(207, 249)",0.0
418,"(206, 248)","(206, 249)",1.0
419,"(205, 248)","(205, 249)",1.0
420,"(204, 248)","(204, 248)",0.0
421,"(203, 248)","(203, 247)",1.0
422,"(202, 247)","(202, 247)",0.0
423,"(202, 247)","(201, 247)",1.0
424,"(201, 246)","(201, 247)",1.0
425,"(200, 246)","(200, 247)",1.0
426,"(200, 245)","(199, 246)",1.4142135623730951
427,"(199, 244)","(199, 245)",1.0
428,"(199, 244)","(199, 245)",1.0
429,"(198, 243)","(198, 244)",1.0
430,"(198, 242)","(198, 243)",1.0
431,"(199, 240)","(198, 242)",2.23606797749979
432,"(199, 238)","(199, 239)",1.0
433,"(200, 236)","(200, 235)",1.0
434,"(200, 234)","(201, 233)",1.4142135623730951
435,"(201, 232)","(201, 232)",0.0
436,"(201, 232)","(201, 232)",0.0
437,"(201, 231)","(201, 232)",1.0
438,"(201, 231)","(201, 231)",0.0
439,"(201, 230)","(201, 231)",1.0
440,"(201, 230)","(200, 230)",1.0
441,"(201, 230)","(200, 230)",1.0
442,"(200, 230)","(200, 230)",0.0
443,"(200, 229)","(200, 230)",1.0
444,"(199, 229)","(199, 230)",1.0
445,"(199, 229)","(199, 230)",1.0
446,"(199, 229)","(199, 230)",1.0
447,"(199, 229)","(199, 230)",1.0
448,"(198, 230)","(199, 230)",1.0
449,"(198, 230)","(198, 230)",0.0
450,"(198, 230)","(198, 231)",1.0
451,"(198, 231)","(198, 231)",0.0
452,"(197, 232)","(198, 231)",1.4142135623730951
453,"(197, 232)","(198, 232)",1.0
454,"(196, 233)","(198, 233)",2.0
455,"(196, 234)","(197, 235)",1.4142135623730951
456,"(195, 237)","(194, 242)",5.0990195135927845
457,"(194, 240)","(192, 246)",6.324555320336759
458,"(193, 243)","(191, 247)",4.47213595499958
459,"(192, 246)","(191, 248)",2.23606797749979
460,"(191, 249)","(191, 249)",0.0
461,"(191, 250)","(190, 250)",1.0
462,"(191, 251)","(190, 251)",1.0
463,"(190, 251)","(190, 252)",1.0
464,"(190, 252)","(190, 252)",0.0
465,"(190, 253)","(190, 253)",0.0
466,"(190, 254)","(190, 254)",0.0
467,"(190, 255)","(190, 255)",0.0
468,"(189, 255)","(189, 256)",1.0
469,"(189, 256)","(189, 256)",0.0
470,"(189, 257)","(189, 257)",0.0
471,"(189, 258)","(189, 257)",1.0
472,"(188, 259)","(189, 258)",1.4142135623730951
473,"(188, 259)","(188, 260)",1.0
474,"(187, 260)","(188, 260)",1.0
475,"(187, 261)","(188, 261)",1.0
476,"(187, 262)","(188, 262)",1.0
477,"(187, 262)","(187, 262)",0.0
478,"(187, 263)","(187, 263)",0.0
479,"(187, 263)","(187, 264)",1.0
480,"(187, 264)","(187, 265)",1.0
481,"(186, 265)","(187, 266)",1.4142135623730951
482,"(186, 266)","(186, 267)",1.0
483,"(185, 268)","(186, 267)",1.4142135623730951
484,"(185, 269)","(186, 268)",1.4142135623730951
485,"(184, 270)","(184, 270)",0.0
486,"(183, 271)","(181, 273)",2.8284271247461903
487,"(182, 273)","(180, 275)",2.8284271247461903
488,"(182, 274)","(180, 276)",2.8284271247461903
489,"(181, 276)","(180, 277)",1.4142135623730951
490,"(180, 277)","(179, 277)",1.0
491,"(180, 278)","(179, 278)",1.0
492,"(180, 278)","(179, 278)",1.0
493,"(179, 279)","(179, 278)",1.0
494,"(179, 279)","(179, 279)",0.0
495,"(179, 280)","(179, 279)",1.0
496,"(179, 280)","(179, 280)",0.0
497,"(179, 280)","(179, 280)",0.0
498,"(180, 280)","(179, 280)",1.0
499,"(180, 280)","(179, 280)",1.0
500,"(180, 280)","(179, 280)",1.0
501,"(180, 280)","(179, 280)",1.0
502,"(180, 280)","(180, 280)",0.0
503,"(181, 280)","(180, 280)",1.0
504,"(181, 280)","(180, 280)",1.0
505,"(181, 280)","(181, 280)",0.0
506,"(182, 280)","(181, 280)",1.0
507,"(183, 280)","(182, 280)",1.0
508,"(183, 281)","(183, 280)",1.0
509,"(184, 281)","(183, 280)",1.4142135623730951
510,"(185, 281)","(184, 280)",1.4142135623730951
511,"(186, 281)","(185, 281)",1.0
512,"(187, 281)","(186, 280)",1.4142135623730951
513,"(187, 281)","(187, 280)",1.0
514,"(188, 281)","(188, 281)",0.0
515,"(189, 281)","(189, 280)",1.0
516,"(190, 281)","(190, 280)",1.0
517,"(192, 281)","(192, 281)",0.0
518,"(193, 281)","(193, 281)",0.0
519,"(195, 281)","(194, 281)",1.0
520,"(196, 281)","(195, 280)",1.4142135623730951
521,"(197, 281)","(196, 281)",1.0
522,"(198, 281)","(197, 281)",1.0
523,"(200, 282)","(198, 281)",2.23606797749979
524,"(201, 282)","(200, 281)",1.4142135623730951
525,"(202, 282)","(202, 282)",0.0
526,"(203, 282)","(203, 282)",0.0
527,"(205, 282)","(204, 282)",1.0
528,"(206, 282)","(205, 282)",1.0
529,"(208, 282)","(207, 282)",1.0
530,"(209, 282)","(209, 282)",0.0
531,"(210, 282)","(210, 282)",0.0
532,"(212, 282)","(211, 282)",1.0
533,"(213, 283)","(213, 282)",1.0
534,"(215, 283)","(214, 282)",1.4142135623730951
535,"(216, 283)","(216, 283)",0.0
536,"(218, 283)","(218, 282)",1.0
537,"(220, 284)","(220, 283)",1.0
538,"(222, 284)","(222, 283)",1.0
539,"(224, 285)","(224, 284)",1.0
540,"(226, 285)","(226, 284)",1.0
541,"(228, 285)","(228, 284)",1.0
542,"(230, 286)","(230, 285)",1.0
543,"(232, 286)","(231, 285)",1.4142135623730951
544,"(234, 287)","(234, 286)",1.0
545,"(236, 287)","(236, 285)",2.0
546,"(238, 287)","(238, 286)",1.0
547,"(240, 287)","(239, 287)",1.0
548,"(241, 288)","(241, 288)",0.0
549,"(243, 288)","(243, 287)",1.0
550,"(245, 288)","(245, 287)",1.0
551,"(247, 288)","(247, 287)",1.0
552,"(249, 288)","(249, 288)",0.0
553,"(252, 289)","(253, 288)",1.4142135623730951
554,"(254, 289)","(255, 289)",1.0
555,"(256, 289)","(257, 289)",1.0
556,"(258, 289)","(259, 288)",1.4142135623730951
557,"(260, 290)","(261, 289)",1.4142135623730951
558,"(262, 290)","(263, 290)",1.0
559,"(264, 291)","(265, 290)",1.4142135623730951
560,"(266, 291)","(267, 290)",1.4142135623730951
561,"(269, 291)","(271, 291)",2.0
562,"(272, 292)","(273, 291)",1.4142135623730951
563,"(274, 292)","(275, 292)",1.0
564,"(277, 293)","(277, 292)",1.0
565,"(280, 293)","(280, 293)",0.0
566,"(283, 294)","(282, 293)",1.4142135623730951
567,"(287, 295)","(283, 294)",4.123105625617661
568,"(290, 296)","(286, 294)",4.47213595499958
569,"(294, 297)","(291, 297)",3.0
570,"(297, 298)","(298, 298)",1.0
571,"(299, 299)","(299, 299)",0.0
572,"(301, 299)","(300, 300)",1.4142135623730951
573,"(302, 300)","(302, 300)",0.0
574,"(304, 300)","(303, 301)",1.4142135623730951
575,"(306, 301)","(305, 302)",1.4142135623730951
576,"(307, 302)","(306, 303)",1.4142135623730951
577,"(309, 303)","(308, 303)",1.0
578,"(310, 303)","(309, 304)",1.4142135623730951
579,"(312, 304)","(310, 304)",2.0
580,"(313, 305)","(312, 305)",1.0
581,"(314, 306)","(315, 307)",1.4142135623730951
582,"(316, 307)","(316, 307)",0.0
583,"(317, 307)","(317, 308)",1.0
584,"(319, 308)","(319, 309)",1.0
585,"(320, 309)","(321, 310)",1.4142135623730951
586,"(322, 310)","(322, 310)",0.0
587,"(324, 310)","(323, 311)",1.4142135623730951
588,"(325, 311)","(324, 312)",1.4142135623730951
589,"(327, 311)","(326, 311)",1.0
590,"(329, 312)","(328, 313)",1.4142135623730951
591,"(331, 314)","(334, 318)",5.0
592,"(334, 316)","(338, 319)",5.0
593,"(336, 317)","(340, 320)",5.0
594,"(339, 319)","(340, 322)",3.1622776601683795
595,"(341, 321)","(342, 321)",1.0
596,"(342, 322)","(343, 322)",1.0
597,"(343, 322)","(344, 323)",1.4142135623730951
598,"(345, 323)","(346, 323)",1.0
599,"(346, 323)","(346, 324)",1.0
600,"(347, 324)","(348, 324)",1.0
601,"(348, 325)","(350, 325)",2.0
602,"(349, 325)","(351, 326)",2.23606797749979
603,"(351, 326)","(351, 327)",1.0
604,"(352, 326)","(352, 327)",1.0
605,"(353, 327)","(353, 327)",0.0
606,"(354, 327)","(354, 327)",0.0
607,"(355, 328)","(354, 328)",1.0
608,"(355, 328)","(355, 329)",1.0
609,"(356, 329)","(356, 329)",0.0
610,"(357, 329)","(357, 330)",1.0
611,"(358, 330)","(357, 331)",1.4142135623730951
612,"(358, 330)","(358, 331)",1.0
613,"(359, 331)","(359, 332)",1.0
614,"(359, 331)","(360, 332)",1.4142135623730951
615,"(360, 332)","(361, 332)",1.0
616,"(361, 333)","(298, 177)",168.24089871371942
617,"(362, 334)","(362, 333)",1.0
618,"(364, 336)","(362, 334)",2.8284271247461903
619,"(365, 337)","(363, 335)",2.8284271247461903
620,"(366, 338)","(366, 338)",0.0
621,"(367, 339)","(369, 341)",2.8284271247461903
622,"(368, 340)","(370, 342)",2.8284271247461903
623,"(370, 342)","(370, 342)",0.0
624,"(371, 343)","(371, 343)",0.0
625,"(372, 344)","(372, 344)",0.0
626,"(372, 344)","(372, 344)",0.0
627,"(372, 345)","(372, 345)",0.0
628,"(373, 345)","(98, 242)",293.65626163935275
629,"(373, 346)","(98, 241)",294.3637205907005
630,"(373, 346)","(373, 346)",0.0
631,"(373, 346)","(373, 347)",1.0
632,"(374, 347)","(99, 240)",295.0830391601659
633,"(374, 347)","(99, 242)",294.3637205907005
634,"(375, 348)","(374, 347)",1.4142135623730951
635,"(375, 348)","(374, 348)",1.0
636,"(375, 348)","(375, 348)",0.0
637,"(375, 348)","(375, 348)",0.0
638,"(375, 348)","(100, 244)",294.0085032783916
639,"(375, 348)","(376, 348)",1.0
640,"(375, 348)","(375, 349)",1.0
641,"(375, 348)","(100, 244)",294.0085032783916
642,"(375, 348)","(376, 349)",1.4142135623730951
643,"(376, 349)","(100, 245)",294.9440624932124
644,"(376, 349)","(100, 244)",295.29815441346733
645,"(376, 349)","(99, 247)",295.1829940901068
646,"(376, 349)","(99, 247)",295.1829940901068
647,"(376, 349)","(100, 247)",294.24479604574145
648,"(376, 350)","(100, 245)",295.29815441346733
649,"(376, 350)","(376, 349)",1.0
650,"(376, 350)","(376, 350)",0.0
651,"(376, 350)","(99, 247)",295.53003231482245
652,"(376, 351)","(100, 245)",295.6552045880471
653,"(375, 351)","(375, 351)",0.0
654,"(375, 352)","(100, 246)",294.72190281687585
655,"(375, 352)","(375, 351)",1.0
656,"(374, 353)","(99, 245)",295.447118787779
657,"(373, 354)","(375, 351)",3.605551275463989
658,"(372, 356)","(98, 249)",294.15132160165456
659,"(371, 357)","(374, 354)",4.242640687119285
660,"(370, 358)","(369, 358)",1.0
661,"(368, 360)","(365, 364)",5.0
662,"(367, 362)","(364, 366)",5.0
663,"(365, 364)","(363, 367)",3.605551275463989
664,"(364, 366)","(363, 367)",1.4142135623730951
665,"(362, 368)","(362, 368)",0.0
666,"(361, 369)","(362, 369)",1.0
667,"(361, 369)","(362, 369)",1.0
668,"(360, 370)","(360, 370)",0.0
669,"(360, 370)","(360, 370)",0.0
670,"(359, 371)","(359, 370)",1.0
671,"(358, 371)","(359, 371)",1.0
672,"(358, 372)","(358, 372)",0.0
673,"(357, 372)","(358, 372)",1.0
674,"(357, 373)","(357, 373)",0.0
675,"(356, 373)","(357, 373)",1.0
676,"(356, 374)","(356, 373)",1.0
677,"(355, 374)","(355, 374)",0.0
678,"(355, 375)","(355, 374)",1.0
679,"(354, 375)","(354, 375)",0.0
680,"(354, 376)","(354, 376)",0.0
681,"(353, 378)","(353, 380)",2.0
682,"(352, 380)","(351, 384)",4.123105625617661
683,"(351, 382)","(350, 385)",3.1622776601683795
684,"(350, 384)","(350, 386)",2.0
685,"(349, 386)","(349, 387)",1.0
686,"(349, 386)","(349, 387)",1.0
687,"(348, 387)","(349, 388)",1.4142135623730951
688,"(348, 387)","(348, 388)",1.0
689,"(347, 388)","(348, 388)",1.0
690,"(347, 388)","(348, 389)",1.4142135623730951
691,"(347, 388)","(347, 389)",1.0
692,"(347, 388)","(347, 389)",1.0
693,"(347, 389)","(347, 389)",0.0
694,"(347, 389)","(347, 389)",0.0
695,"(347, 389)","(149, 288)",222.27235545609355
696,"(347, 389)","(346, 390)",1.4142135623730951
697,"(346, 389)","(346, 390)",1.0
698,"(346, 390)","(150, 291)",219.58369702689677
699,"(345, 390)","(346, 390)",1.0
700,"(345, 390)","(148, 292)",220.0295434708712
701,"(345, 390)","(345, 390)",0.0
702,"(344, 390)","(149, 295)",216.91011963483862
703,"(344, 389)","(148, 292)",218.68927728629038
704,"(343, 389)","(344, 389)",1.0
705,"(343, 389)","(148, 295)",216.47401691658055
706,"(342, 388)","(148, 295)",215.13948963405113
707,"(342, 388)","(147, 295)",216.04166264866598
708,"(341, 387)","(148, 295)",213.80598681982693
709,"(341, 387)","(147, 295)",214.7091055358389
710,"(340, 386)","(147, 294)",213.80598681982693
711,"(339, 386)","(339, 386)",0.0
712,"(338, 385)","(338, 385)",0.0
713,"(338, 385)","(337, 385)",1.0
714,"(337, 384)","(337, 385)",1.0
715,"(336, 384)","(336, 384)",0.0
716,"(335, 385)","(335, 384)",1.0
717,"(334, 386)","(334, 383)",3.0
718,"(334, 387)","(35, 348)",301.53275112332324
719,"(333, 388)","(333, 389)",1.0
720,"(332, 389)","(332, 389)",0.0
721,"(331, 389)","(331, 389)",0.0
722,"(330, 389)","(141, 303)",207.64633394307737
723,"(328, 388)","(328, 388)",0.0
724,"(327, 388)","(327, 388)",0.0
725,"(326, 388)","(326, 388)",0.0
726,"(324, 387)","(139, 304)",202.76587484091104
727,"(323, 387)","(323, 387)",0.0
728,"(321, 386)","(137, 304)",201.44478151592807
729,"(320, 386)","(320, 386)",0.0
730,"(318, 385)","(137, 302)",199.12307751739877
731,"(316, 384)","(317, 384)",1.0
732,"(315, 384)","(315, 383)",1.0
733,"(313, 383)","(134, 305)",195.25624189766637
734,"(312, 383)","(134, 303)",195.15122341404884
735,"(310, 382)","(27, 352)",284.5856637288674
736,"(308, 381)","(308, 380)",1.0
737,"(305, 380)","(27, 350)",279.6140196771256
738,"(303, 378)","(302, 378)",1.0
739,"(300, 377)","(26, 351)",275.230812228573
740,"(298, 376)","(26, 347)",273.5415873317986
741,"(293, 375)","(286, 284)",91.26883367283708
742,"(289, 374)","(24, 348)",266.2724168966812
743,"(284, 374)","(22, 346)",263.4919353604584
744,"(280, 373)","(278, 373)",2.0
745,"(275, 372)","(275, 372)",0.0
746,"(273, 371)","(273, 371)",0.0
747,"(270, 371)","(270, 371)",0.0
748,"(268, 370)","(21, 347)",248.06853891616325
749,"(265, 370)","(265, 369)",1.0
750,"(263, 369)","(18, 344)",246.272207120495
751,"(261, 368)","(260, 368)",1.0
752,"(259, 368)","(258, 367)",1.4142135623730951
753,"(256, 367)","(255, 366)",1.4142135623730951
754,"(254, 367)","(253, 365)",2.23606797749979
755,"(252, 366)","(251, 365)",1.4142135623730951
756,"(250, 365)","(248, 364)",2.23606797749979
757,"(247, 364)","(246, 363)",1.4142135623730951
758,"(245, 364)","(244, 362)",2.23606797749979
759,"(242, 363)","(242, 361)",2.0
760,"(240, 362)","(239, 360)",2.23606797749979
761,"(238, 362)","(238, 360)",2.0
762,"(236, 362)","(236, 359)",3.0
763,"(235, 361)","(234, 358)",3.1622776601683795
764,"(233, 361)","(232, 357)",4.123105625617661
765,"(231, 361)","(0, 0)",428.5813808368254
766,"(229, 360)","(0, 0)",426.6626301892398
767,"(227, 359)","(226, 354)",5.0990195135927845
768,"(226, 357)","(224, 354)",3.605551275463989
769,"(224, 356)","(0, 0)",420.609082165376
770,"(222, 355)","(0, 0)",418.69917602020666
771,"(220, 354)","(218, 351)",3.605551275463989
772,"(218, 353)","(0, 0)",414.889141819836
773,"(217, 351)","(209, 343)",11.313708498984761
774,"(215, 350)","(210, 344)",7.810249675906654
775,"(213, 349)","(266, 275)",91.02197536858887
776,"(211, 348)","(211, 346)",2.0
777,"(210, 347)","(205, 341)",7.810249675906654
778,"(208, 347)","(202, 339)",10.0
779,"(207, 346)","(202, 339)",8.602325267042627
780,"(205, 345)","(0, 0)",401.3103537164223
781,"(204, 344)","(200, 339)",6.4031242374328485
782,"(202, 343)","(199, 338)",5.830951894845301
783,"(201, 343)","(198, 336)",7.615773105863909
784,"(199, 342)","(0, 0)",395.6829538911172
785,"(198, 341)","(0, 0)",394.31586323656825
786,"(197, 340)","(0, 0)",392.94910611935484
787,"(196, 339)","(0, 0)",391.58268603195415
788,"(195, 339)","(0, 0)",391.0831113714833
789,"(194, 338)","(0, 0)",389.71784665319086
790,"(193, 337)","(0, 0)",388.35293226651453
791,"(192, 337)","(190, 332)",5.385164807134504
792,"(191, 337)","(189, 332)",5.385164807134504
793,"(191, 336)","(188, 332)",5.0
794,"(190, 336)","(187, 331)",5.830951894845301
795,"(189, 336)","(187, 332)",4.47213595499958
796,"(188, 336)","(0, 0)",385.01948002666046
797,"(188, 335)","(186, 332)",3.605551275463989
798,"(187, 335)","(185, 331)",4.47213595499958
799,"(187, 334)","(184, 331)",4.242640687119285
800,"(186, 334)","(0, 0)",382.2983128395939
801,"(185, 334)","(0, 0)",381.812781347089
802,"(185, 334)","(182, 330)",5.0
803,"(184, 334)","(181, 330)",5.0
804,"(184, 334)","(181, 330)",5.0
805,"(183, 334)","(181, 330)",4.47213595499958
806,"(183, 334)","(181, 331)",3.605551275463989
807,"(182, 334)","(181, 331)",3.1622776601683795
808,"(182, 333)","(0, 0)",379.49044783762344
809,"(181, 333)","(179, 330)",3.605551275463989
810,"(181, 333)","(179, 330)",3.605551275463989
811,"(181, 333)","(179, 330)",3.605551275463989
812,"(180, 332)","(179, 329)",3.1622776601683795
813,"(180, 332)","(178, 329)",3.605551275463989
814,"(179, 331)","(0, 0)",376.3004119051692
815,"(179, 331)","(177, 328)",3.605551275463989
816,"(179, 331)","(177, 328)",3.605551275463989
817,"(178, 331)","(176, 326)",5.385164807134504
818,"(178, 330)","(176, 328)",2.8284271247461903
819,"(177, 330)","(176, 327)",3.1622776601683795
820,"(177, 330)","(176, 328)",2.23606797749979
821,"(177, 330)","(175, 327)",3.605551275463989
822,"(177, 330)","(175, 328)",2.8284271247461903
823,"(176, 330)","(175, 328)",2.23606797749979
824,"(176, 330)","(0, 0)",374.0
825,"(176, 330)","(174, 327)",3.605551275463989
826,"(176, 330)","(0, 0)",374.0
827,"(176, 330)","(174, 327)",3.605551275463989
828,"(175, 330)","(0, 0)",373.5304539123952
829,"(175, 330)","(174, 327)",3.1622776601683795
830,"(175, 330)","(174, 328)",2.23606797749979
831,"(175, 330)","(0, 0)",373.5304539123952
832,"(175, 330)","(0, 0)",373.5304539123952
833,"(175, 329)","(174, 327)",2.23606797749979
834,"(175, 329)","(174, 327)",2.23606797749979
835,"(175, 329)","(0, 0)",372.6472863177726
836,"(175, 329)","(0, 0)",372.6472863177726
837,"(175, 329)","(174, 327)",2.23606797749979
838,"(175, 329)","(174, 326)",3.1622776601683795
839,"(175, 329)","(174, 328)",1.4142135623730951
840,"(175, 329)","(174, 325)",4.123105625617661
841,"(175, 329)","(174, 326)",3.1622776601683795
842,"(175, 328)","(174, 325)",3.1622776601683795
843,"(176, 328)","(0, 0)",372.23648397221893
844,"(176, 327)","(0, 0)",371.35562470494506
845,"(176, 327)","(175, 323)",4.123105625617661
846,"(176, 327)","(175, 322)",5.0990195135927845
847,"(176, 327)","(174, 323)",4.47213595499958
848,"(177, 326)","(175, 323)",3.605551275463989
849,"(177, 326)","(175, 323)",3.605551275463989
850,"(177, 326)","(175, 322)",4.47213595499958
851,"(177, 326)","(176, 323)",3.1622776601683795
852,"(177, 326)","(176, 322)",4.123105625617661
853,"(177, 325)","(176, 322)",3.1622776601683795
854,"(177, 325)","(176, 322)",3.1622776601683795
855,"(177, 325)","(176, 323)",2.23606797749979
856,"(177, 326)","(177, 323)",3.0
857,"(177, 327)","(177, 324)",3.0
858,"(178, 327)","(177, 324)",3.1622776601683795
859,"(178, 328)","(177, 324)",4.123105625617661
860,"(178, 329)","(177, 325)",4.123105625617661
861,"(178, 329)","(177, 325)",4.123105625617661
862,"(178, 330)","(177, 325)",5.0990195135927845
863,"(179, 330)","(177, 325)",5.385164807134504
864,"(179, 331)","(177, 328)",3.605551275463989
865,"(179, 331)","(177, 328)",3.605551275463989
866,"(179, 335)","(0, 0)",379.8236432872498
867,"(179, 339)","(0, 0)",383.3562312001724
868,"(178, 342)","(0, 0)",385.5489592775475
869,"(178, 346)","(0, 0)",389.1015291668744
870,"(178, 350)","(0, 0)",392.6627051299881
871,"(178, 351)","(0, 0)",393.55431645453973
872,"(179, 352)","(0, 0)",394.89872119316874
873,"(179, 352)","(177, 350)",2.8284271247461903
874,"(180, 353)","(0, 0)",396.24361193588976
875,"(180, 354)","(178, 351)",3.605551275463989
876,"(180, 354)","(0, 0)",397.13473784094987
877,"(181, 355)","(0, 0)",398.4796105197856
878,"(181, 355)","(0, 0)",398.4796105197856
879,"(182, 356)","(0, 0)",399.8249617019928
880,"(182, 356)","(0, 0)",399.8249617019928
881,"(182, 356)","(0, 0)",399.8249617019928
882,"(183, 356)","(181, 351)",5.385164807134504
883,"(183, 357)","(182, 353)",4.123105625617661
884,"(184, 357)","(0, 0)",401.6279372752847
885,"(184, 357)","(0, 0)",401.6279372752847
886,"(184, 357)","(256, 293)",96.33275663033837
887,"(184, 357)","(0, 0)",401.6279372752847
888,"(184, 358)","(183, 354)",4.123105625617661
889,"(184, 358)","(0, 0)",402.5170803829323
890,"(184, 358)","(0, 0)",402.5170803829323
891,"(184, 358)","(0, 0)",402.5170803829323
892,"(184, 358)","(0, 0)",402.5170803829323
893,"(184, 359)","(254, 293)",96.20810776644555
894,"(184, 359)","(256, 293)",97.67292357659824
895,"(184, 359)","(0, 0)",403.4067426308093
896,"(185, 359)","(0, 0)",403.8638384406309
897,"(185, 359)","(0, 0)",403.8638384406309
898,"(186, 359)","(0, 0)",404.32289076924644
899,"(186, 359)","(255, 293)",95.4829827770373
900,"(187, 359)","(255, 293)",94.76286192385707
901,"(188, 359)","(0, 0)",405.2468383590426
902,"(189, 360)","(0, 0)",406.5968519307546
903,"(190, 360)","(0, 0)",407.0626487409524
904,"(191, 361)","(0, 0)",408.4140056364375
905,"(192, 361)","(0, 0)",408.8826237442721
906,"(193, 361)","(0, 0)",409.35314827175813
907,"(195, 362)","(0, 0)",411.1800092416945
908,"(196, 362)","(0, 0)",411.655195521689
909,"(198, 363)","(0, 0)",413.488814842675
910,"(199, 363)","(0, 0)",413.9685978428799
911,"(201, 364)","(0, 0)",415.8088503146608
912,"(202, 365)","(0, 0)",417.16783193338387
913,"(204, 365)","(0, 0)",418.13992873199754
914,"(205, 366)","(0, 0)",419.5008939203825
915,"(207, 367)","(0, 0)",421.35258394840776
916,"(208, 368)","(0, 0)",422.715034035933
917,"(210, 369)","(0, 0)",424.5715487406098
918,"(211, 369)","(0, 0)",425.0670535339101
919,"(213, 370)","(0, 0)",426.9297366077936
920,"(214, 371)","(0, 0)",428.2954587664922
921,"(216, 372)","(210, 366)",8.48528137423857
922,"(217, 373)","(0, 0)",431.52983674364856
923,"(219, 374)","(0, 0)",433.4016612796956
924,"(220, 375)","(0, 0)",434.77005416656743
925,"(222, 376)","(0, 0)",436.6463099580712
926,"(224, 377)","(218, 369)",10.0
927,"(226, 378)","(0, 0)",440.40890090914377
928,"(228, 378)","(0, 0)",441.4385574459938
929,"(230, 379)","(228, 378)",2.23606797749979
930,"(232, 380)","(232, 379)",1.0
931,"(234, 381)","(233, 380)",1.4142135623730951
932,"(236, 382)","(0, 0)",449.02115763068446
933,"(237, 382)","(0, 0)",449.5475503214315
934,"(239, 383)","(242, 373)",10.44030650891055
935,"(241, 384)","(243, 373)",11.180339887498949
936,"(243, 385)","(0, 0)",455.2735441468129
937,"(245, 386)","(0, 0)",457.1881450781505
938,"(248, 387)","(0, 0)",459.64442779174425
939,"(250, 388)","(253, 377)",11.40175425099138
940,"(252, 389)","(254, 379)",10.198039027185569
941,"(254, 390)","(0, 0)",465.42024021307884
942,"(256, 390)","(0, 0)",466.51473717343595
943,"(257, 391)","(258, 387)",4.123105625617661
944,"(259, 391)","(0, 0)",469.00106609686935
945,"(261, 392)","(0, 0)",470.9405482648526
946,"(264, 394)","(263, 383)",11.045361017187261
947,"(267, 396)","(18, 368)",250.56935167733502
948,"(271, 397)","(0, 0)",480.67660646218263
949,"(274, 399)","(0, 0)",484.02169372870054
950,"(277, 401)","(276, 393)",8.06225774829855
951,"(279, 401)","(0, 0)",488.5099794272375
952,"(281, 402)","(0, 0)",490.47426028284093
953,"(282, 402)","(282, 393)",9.0
954,"(284, 403)","(0, 0)",493.0162269134759
955,"(286, 403)","(0, 0)",494.17102302745354
956,"(288, 404)","(0, 0)",496.14514005480294
957,"(289, 405)","(0, 0)",497.5399481448701
958,"(291, 405)","(289, 397)",8.246211251235321
959,"(292, 406)","(0, 0)",500.0999900019995
960,"(294, 407)","(23, 384)",271.97426348829407
961,"(295, 407)","(25, 386)",270.8154353060401
962,"(297, 407)","(23, 386)",274.8035662068453
963,"(298, 408)","(0, 0)",505.24053677431704
964,"(300, 408)","(27, 385)",273.96715131562763
965,"(301, 408)","(0, 0)",507.0157788471676
966,"(302, 408)","(0, 0)",507.61008658221124
967,"(303, 409)","(0, 0)",509.00884078766256
968,"(305, 409)","(0, 0)",510.20192081175077
969,"(306, 410)","(583, 379)",278.72925931807015
970,"(307, 410)","(0, 0)",512.2001561889649
971,"(309, 409)","(0, 0)",512.6031603492121
972,"(310, 409)","(29, 387)",281.8598942737331
973,"(312, 408)","(0, 0)",513.6224294167847
974,"(313, 408)","(30, 387)",283.7780823108085
975,"(315, 407)","(28, 388)",287.62823227214676
976,"(316, 407)","(29, 386)",287.76726707532254
977,"(317, 408)","(31, 387)",286.7699426369507
978,"(319, 408)","(0, 0)",517.9044313384469
979,"(320, 409)","(31, 387)",289.836160614924
980,"(321, 409)","(0, 0)",519.9249945905659
981,"(321, 409)","(32, 388)",289.76197127987655
982,"(322, 409)","(32, 388)",290.7593506664919
983,"(322, 409)","(0, 0)",520.5429857370091
984,"(323, 409)","(0, 0)",521.1621628629615
985,"(323, 409)","(31, 386)",292.90442127083026
986,"(323, 409)","(27, 387)",296.8164415931166
987,"(323, 409)","(29, 387)",294.8219801846531
988,"(324, 408)","(0, 0)",520.9990403062178
989,"(324, 408)","(0, 0)",520.9990403062178
990,"(324, 408)","(29, 389)",295.6112311804137
991,"(324, 408)","(30, 387)",294.7490457999822
992,"(324, 408)","(0, 0)",520.9990403062178
993,"(324, 407)","(0, 0)",520.2163011671203
994,"(324, 407)","(30, 388)",294.61330587738223
995,"(324, 407)","(0, 0)",520.2163011671203
996,"(324, 407)","(30, 388)",294.61330587738223
997,"(324, 407)","(31, 387)",293.6818005937719
998,"(324, 407)","(0, 0)",520.2163011671203
999,"(324, 407)","(0, 0)",520.2163011671203
1000,"(324, 407)","(0, 0)",520.2163011671203
1001,"(324, 407)","(0, 0)",520.2163011671203
1002,"(324, 407)","(30, 386)",294.7490457999822
1003,"(324, 407)","(31, 386)",293.7515957403466
1004,"(324, 407)","(0, 0)",520.2163011671203
1005,"(324, 407)","(0, 0)",520.2163011671203
1006,"(324, 407)","(0, 0)",520.2163011671203
1007,"(324, 407)","(0, 0)",520.2163011671203
1008,"(325, 406)","(0, 0)",520.0586505385714
1009,"(325, 406)","(0, 0)",520.0586505385714
1010,"(325, 406)","(29, 387)",296.60917045836595
1011,"(325, 405)","(0, 0)",519.2783453986889
1012,"(325, 405)","(0, 0)",519.2783453986889
1013,"(326, 404)","(0, 0)",519.1261888982292
1014,"(326, 404)","(29, 386)",297.5449545866977
1015,"(326, 403)","(0, 0)",518.3483384751995
1016,"(326, 402)","(0, 0)",517.5712511336
1017,"(327, 402)","(0, 0)",518.201698183246
1018,"(327, 401)","(0, 0)",517.4263232577175
1019,"(328, 401)","(0, 0)",518.0588769628409
1020,"(328, 400)","(0, 0)",517.2852211304707
1021,"(329, 399)","(0, 0)",517.1479478833886
1022,"(330, 399)","(27, 386)",303.27874966769434
1023,"(330, 398)","(0, 0)",517.0145065663052
1024,"(331, 398)","(0, 0)",517.6533589188812
1025,"(332, 397)","(0, 0)",517.5258447652639
1026,"(335, 395)","(0, 0)",517.9285665031424
1027,"(337, 394)","(0, 0)",518.4640778298917
1028,"(340, 392)","(0, 0)",518.906542645205
1029,"(342, 391)","(0, 0)",519.4660720393586
1030,"(345, 389)","(0, 0)",519.9480743305047
1031,"(346, 388)","(0, 0)",519.8653671865438
1032,"(346, 388)","(0, 0)",519.8653671865438
1033,"(347, 387)","(16, 382)",331.03776219639957
1034,"(347, 387)","(0, 0)",519.7864946302471
1035,"(348, 386)","(0, 0)",519.7114584074513
1036,"(348, 386)","(0, 0)",519.7114584074513
1037,"(348, 385)","(0, 0)",518.9691705679635
1038,"(349, 385)","(0, 0)",519.6402601800596
1039,"(349, 384)","(0, 0)",518.8997976488332
1040,"(349, 384)","(0, 0)",518.8997976488332
1041,"(349, 384)","(0, 0)",518.8997976488332
1042,"(349, 384)","(0, 0)",518.8997976488332
1043,"(349, 383)","(0, 0)",518.1602068858626
1044,"(349, 383)","(0, 0)",518.1602068858626
1045,"(349, 383)","(0, 0)",518.1602068858626
1046,"(346, 383)","(0, 0)",516.1443596514448
1047,"(343, 384)","(0, 0)",514.8834819646091
1048,"(341, 384)","(0, 0)",513.5533078464201
1049,"(338, 385)","(0, 0)",512.3172845024849
1050,"(335, 385)","(0, 0)",510.3430218980171
1051,"(334, 384)","(0, 0)",508.93221552580064
1052,"(333, 384)","(0, 0)",508.2764995551142
1053,"(332, 383)","(0, 0)",506.86585996691474
1054,"(331, 383)","(0, 0)",506.2114182829147
1055,"(330, 382)","(0, 0)",504.80095087073676
1056,"(328, 381)","(0, 0)",502.73750606056836
1057,"(326, 380)","(0, 0)",500.6755436407894
1058,"(325, 378)","(0, 0)",498.5067702649584
1059,"(323, 377)","(0, 0)",496.445364566938
1060,"(321, 376)","(0, 0)",494.38547713297567
1061,"(315, 374)","(0, 0)",488.97954967462596
1062,"(309, 372)","(0, 0)",483.5959056898642
1063,"(304, 371)","(0, 0)",479.64257525786843
1064,"(298, 369)","(23, 364)",275.04545078950133
1065,"(292, 367)","(0, 0)",468.99147113780225
1066,"(290, 366)","(0, 0)",466.964666757561
1067,"(287, 364)","(0, 0)",463.5353276720125
1068,"(285, 363)","(23, 361)",262.00763347658403
1069,"(282, 361)","(20, 358)",262.01717500957835
1070,"(280, 360)","(279, 357)",3.1622776601683795
1071,"(277, 359)","(0, 0)",453.4423888433899
1072,"(275, 357)","(0, 0)",450.6373264610911
1073,"(272, 356)","(20, 357)",252.00198411917316
1074,"(270, 354)","(0, 0)",445.21455501813955
1075,"(267, 353)","(254, 346)",14.7648230602334
1076,"(264, 351)","(0, 0)",439.2004098358744
1077,"(260, 349)","(249, 345)",11.704699910719626
1078,"(257, 348)","(0, 0)",432.6118352518803
1079,"(253, 346)","(0, 0)",428.6315434029558
1080,"(250, 344)","(0, 0)",425.2481628414166
1081,"(245, 343)","(0, 0)",421.51393808508874
1082,"(241, 342)","(246, 342)",5.0
1083,"(236, 340)","(0, 0)",413.87920943193075
1084,"(232, 339)","(0, 0)",410.78583227759935
1085,"(227, 338)","(0, 0)",407.15230565477583
1086,"(225, 337)","(0, 0)",405.20858826041683
1087,"(224, 335)","(0, 0)",402.9900743194552
1088,"(222, 334)","(226, 328)",7.211102550927978
1089,"(221, 332)","(0, 0)",398.82953752198443
1090,"(219, 331)","(0, 0)",396.8904130865345
1091,"(218, 331)","(0, 0)",396.3395009332277
1092,"(217, 331)","(0, 0)",395.790348543266
1093,"(215, 331)","(216, 325)",6.082762530298219
1094,"(214, 331)","(0, 0)",394.153523389047
1095,"(213, 331)","(0, 0)",393.6114835723165
1096,"(211, 330)","(0, 0)",391.68992838723847
1097,"(210, 329)","(206, 325)",5.656854249492381
1098,"(208, 328)","(0, 0)",388.3915550060274
1099,"(207, 327)","(0, 0)",387.01162773229436
1100,"(205, 326)","(203, 324)",2.8284271247461903
1101,"(204, 326)","(0, 0)",384.56728930058523
1102,"(203, 325)","(200, 320)",5.830951894845301
1103,"(201, 325)","(199, 320)",5.385164807134504
1104,"(200, 324)","(198, 321)",3.605551275463989
1105,"(199, 324)","(197, 320)",4.47213595499958
1106,"(198, 323)","(196, 320)",3.605551275463989
1107,"(197, 322)","(194, 320)",3.605551275463989
1108,"(195, 322)","(194, 318)",4.123105625617661
1109,"(194, 321)","(193, 315)",6.082762530298219
1110,"(193, 320)","(192, 314)",6.082762530298219
1111,"(192, 319)","(191, 315)",4.123105625617661
1112,"(191, 318)","(190, 313)",5.0990195135927845
1113,"(189, 318)","(0, 0)",369.92566820916875
1114,"(188, 317)","(0, 0)",368.5552875756906
1115,"(187, 316)","(0, 0)",367.18523935474315
1116,"(186, 315)","(0, 0)",365.8155272811694
1117,"(185, 315)","(0, 0)",365.3080891521566
1118,"(185, 314)","(0, 0)",364.44615514503647
1119,"(184, 314)","(0, 0)",363.93955542095176
1120,"(183, 313)","(0, 0)",362.5713722841339
1121,"(183, 313)","(0, 0)",362.5713722841339
1122,"(182, 312)","(0, 0)",361.20354372569494
1123,"(182, 312)","(0, 0)",361.20354372569494
1124,"(181, 311)","(0, 0)",359.83607378916304
1125,"(181, 311)","(0, 0)",359.83607378916304
1126,"(179, 310)","(0, 0)",357.9678756536681
1127,"(178, 310)","(0, 0)",357.4688797643789
1128,"(176, 309)","(0, 0)",355.607930170293
1129,"(175, 309)","(0, 0)",355.1140661815581
1130,"(173, 308)","(0, 0)",353.260527090135
1131,"(173, 308)","(0, 0)",353.260527090135
1132,"(173, 307)","(0, 0)",352.38898961233167
1133,"(172, 307)","(0, 0)",351.89913327543167
1134,"(172, 306)","(0, 0)",351.0270644836378
1135,"(172, 306)","(0, 0)",351.0270644836378
1136,"(172, 306)","(0, 0)",351.0270644836378
1137,"(172, 306)","(0, 0)",351.0270644836378
1138,"(172, 305)","(0, 0)",350.15567966263234
1139,"(172, 305)","(0, 0)",350.15567966263234
1140,"(172, 305)","(0, 0)",350.15567966263234
1141,"(172, 305)","(0, 0)",350.15567966263234
1142,"(173, 305)","(0, 0)",350.6479716182599
1143,"(173, 305)","(0, 0)",350.6479716182599
1144,"(174, 305)","(0, 0)",351.14242124813114
1145,"(174, 305)","(0, 0)",351.14242124813114
1146,"(174, 305)","(0, 0)",351.14242124813114
1147,"(174, 304)","(0, 0)",350.2741783232101
1148,"(174, 304)","(0, 0)",350.2741783232101
1149,"(174, 303)","(0, 0)",349.40663989111596
1150,"(174, 303)","(0, 0)",349.40663989111596
1151,"(174, 302)","(0, 0)",348.53981121243527
1152,"(174, 301)","(0, 0)",347.67369759589235
1153,"(175, 301)","(0, 0)",348.1752432324849
1154,"(175, 300)","(0, 0)",347.3110997362451
1155,"(175, 299)","(0, 0)",346.4476872487389
1156,"(175, 299)","(0, 0)",346.4476872487389
1157,"(175, 300)","(0, 0)",347.3110997362451
1158,"(176, 300)","(0, 0)",347.81604333325396
1159,"(176, 301)","(0, 0)",348.6789354119345
1160,"(176, 301)","(0, 0)",348.6789354119345
1161,"(177, 300)","(0, 0)",348.3231258472512
1162,"(178, 299)","(0, 0)",347.9727000786125
1163,"(178, 298)","(0, 0)",347.1138141877963
1164,"(179, 297)","(0, 0)",346.77081768799405
1165,"(180, 296)","(0, 0)",346.433254754794
1166,"(180, 293)","(0, 0)",343.8735232610967
1167,"(181, 291)","(0, 0)",342.6981178821967
1168,"(181, 288)","(0, 0)",340.1543767173958
1169,"(182, 286)","(182, 289)",3.0
1170,"(182, 283)","(0, 0)",336.47139551528
1171,"(183, 282)","(183, 279)",3.0
1172,"(184, 280)","(184, 277)",3.0
1173,"(184, 279)","(185, 277)",2.23606797749979
1174,"(185, 277)","(186, 276)",1.4142135623730951
1175,"(186, 276)","(186, 276)",0.0
1176,"(186, 275)","(187, 276)",1.4142135623730951
1177,"(187, 275)","(187, 275)",0.0
1178,"(187, 274)","(187, 275)",1.0
1179,"(188, 274)","(188, 274)",0.0
1180,"(188, 273)","(188, 274)",1.0
1181,"(188, 273)","(188, 273)",0.0
1182,"(189, 273)","(189, 273)",0.0
1183,"(189, 272)","(189, 273)",1.0
1184,"(190, 272)","(190, 273)",1.0
1185,"(190, 272)","(190, 272)",0.0
1186,"(191, 272)","(191, 272)",0.0
1187,"(192, 273)","(192, 273)",0.0
1188,"(194, 273)","(193, 272)",1.4142135623730951
1189,"(195, 274)","(195, 273)",1.0
1190,"(196, 274)","(196, 273)",1.0
1191,"(199, 276)","(197, 274)",2.8284271247461903
1192,"(202, 278)","(199, 274)",5.0
1193,"(205, 280)","(200, 275)",7.0710678118654755
1194,"(208, 282)","(204, 277)",6.4031242374328485
1195,"(211, 284)","(211, 284)",0.0
1196,"(212, 286)","(213, 290)",4.123105625617661
1197,"(214, 288)","(214, 291)",3.0
1198,"(215, 289)","(215, 292)",3.0
1199,"(217, 291)","(217, 293)",2.0
1200,"(218, 293)","(218, 293)",0.0
1201,"(220, 294)","(220, 294)",0.0
1202,"(222, 295)","(222, 295)",0.0
1203,"(223, 295)","(223, 296)",1.0
1204,"(225, 296)","(225, 297)",1.0
1205,"(227, 297)","(227, 298)",1.0
1206,"(229, 298)","(229, 299)",1.0
1207,"(231, 299)","(231, 300)",1.0
1208,"(233, 299)","(233, 300)",1.0
1209,"(235, 300)","(235, 301)",1.0
1210,"(237, 301)","(237, 302)",1.0
1211,"(239, 302)","(239, 303)",1.0
1212,"(241, 303)","(241, 303)",0.0
1213,"(244, 303)","(243, 304)",1.4142135623730951
1214,"(246, 304)","(246, 305)",1.0
1215,"(248, 305)","(248, 305)",0.0
1216,"(251, 306)","(250, 306)",1.0
1217,"(253, 307)","(19, 275)",236.1778990506944
1218,"(256, 309)","(254, 308)",2.23606797749979
1219,"(258, 310)","(256, 309)",2.23606797749979
1220,"(261, 311)","(261, 311)",0.0
1221,"(263, 312)","(22, 279)",243.24884377936928
1222,"(265, 313)","(22, 281)",245.0979396078229
1223,"(268, 313)","(23, 282)",246.9534369066363
1224,"(270, 314)","(270, 314)",0.0
1225,"(272, 315)","(272, 315)",0.0
1226,"(274, 316)","(275, 316)",1.0
1227,"(277, 317)","(277, 317)",0.0
1228,"(279, 317)","(26, 286)",254.8921340488953
1229,"(282, 318)","(27, 290)",256.5326489942362
1230,"(284, 319)","(270, 191)",128.76334882255898
1231,"(286, 320)","(286, 320)",0.0
1232,"(289, 321)","(288, 321)",1.0
1233,"(291, 322)","(292, 323)",1.4142135623730951
1234,"(294, 323)","(30, 296)",265.37709019431196
1235,"(296, 324)","(29, 298)",268.26293072282647
1236,"(300, 326)","(298, 325)",2.23606797749979
1237,"(304, 328)","(305, 329)",1.4142135623730951
1238,"(307, 331)","(311, 332)",4.123105625617661
1239,"(311, 333)","(313, 334)",2.23606797749979
1240,"(315, 335)","(315, 335)",0.0
1241,"(316, 336)","(316, 336)",0.0
1242,"(318, 337)","(318, 337)",0.0
1243,"(319, 337)","(319, 337)",0.0
1244,"(321, 338)","(320, 338)",1.0
1245,"(322, 339)","(322, 339)",0.0
1246,"(323, 340)","(323, 340)",0.0
1247,"(324, 340)","(324, 340)",0.0
1248,"(326, 341)","(326, 341)",0.0
1249,"(327, 341)","(327, 342)",1.0
1250,"(328, 342)","(328, 343)",1.0
1251,"(329, 342)","(330, 343)",1.4142135623730951
1252,"(330, 343)","(330, 344)",1.0
1253,"(332, 343)","(332, 344)",1.0
1254,"(333, 344)","(333, 344)",0.0
1255,"(334, 344)","(333, 345)",1.4142135623730951
1256,"(335, 344)","(335, 345)",1.0
1257,"(336, 345)","(335, 346)",1.4142135623730951
1258,"(337, 345)","(336, 346)",1.4142135623730951
1259,"(338, 346)","(337, 346)",1.0
1260,"(339, 346)","(339, 346)",0.0
1261,"(342, 347)","(342, 348)",1.0
1262,"(345, 347)","(349, 349)",4.47213595499958
1263,"(348, 348)","(352, 349)",4.123105625617661
1264,"(351, 348)","(353, 349)",2.23606797749979
1265,"(354, 349)","(354, 349)",0.0
1266,"(355, 349)","(354, 350)",1.4142135623730951
1267,"(355, 349)","(355, 350)",1.0
1268,"(356, 350)","(356, 350)",0.0
1269,"(356, 350)","(356, 350)",0.0
1270,"(357, 350)","(357, 350)",0.0
1271,"(357, 350)","(358, 350)",1.0
1272,"(358, 350)","(358, 351)",1.0
1273,"(358, 350)","(358, 351)",1.0
1274,"(359, 350)","(359, 351)",1.0
1275,"(359, 350)","(359, 351)",1.0
1276,"(359, 350)","(359, 351)",1.0
1277,"(360, 350)","(360, 351)",1.0
1278,"(360, 351)","(360, 351)",0.0
1279,"(361, 351)","(360, 351)",1.0
1280,"(361, 351)","(360, 352)",1.4142135623730951
1281,"(361, 351)","(361, 352)",1.0
1282,"(361, 351)","(361, 352)",1.0
1283,"(362, 351)","(362, 352)",1.0
1284,"(362, 351)","(362, 352)",1.0
1285,"(362, 351)","(362, 352)",1.0
1286,"(362, 351)","(362, 352)",1.0
1287,"(362, 351)","(362, 353)",2.0
1288,"(362, 352)","(362, 353)",1.0
1289,"(362, 352)","(363, 353)",1.4142135623730951
1290,"(362, 352)","(362, 353)",1.0
1291,"(362, 352)","(363, 352)",1.0
1292,"(362, 352)","(363, 352)",1.0
1293,"(363, 353)","(363, 353)",0.0
1294,"(363, 353)","(363, 352)",1.0
1295,"(363, 353)","(363, 352)",1.0
1296,"(363, 353)","(364, 352)",1.4142135623730951
1297,"(363, 353)","(364, 352)",1.4142135623730951
1298,"(364, 352)","(364, 351)",1.0
1299,"(364, 352)","(364, 351)",1.0
1300,"(364, 352)","(365, 351)",1.4142135623730951
1301,"(364, 351)","(365, 351)",1.0
1302,"(365, 350)","(365, 350)",0.0
1303,"(365, 350)","(366, 350)",1.0
1304,"(366, 349)","(366, 349)",0.0
1305,"(366, 348)","(366, 348)",0.0
1306,"(368, 345)","(367, 347)",2.23606797749979
1307,"(369, 342)","(369, 344)",2.0
1308,"(371, 338)","(373, 338)",2.0
1309,"(372, 335)","(374, 334)",2.23606797749979
1310,"(374, 332)","(375, 333)",1.4142135623730951
1311,"(375, 331)","(376, 331)",1.0
1312,"(375, 330)","(376, 330)",1.0
1313,"(376, 329)","(376, 328)",1.0
1314,"(376, 328)","(101, 245)",287.2525021649072
1315,"(377, 327)","(378, 325)",2.23606797749979
1316,"(378, 324)","(378, 324)",0.0
1317,"(380, 322)","(380, 320)",2.0
1318,"(381, 319)","(383, 317)",2.8284271247461903
1319,"(383, 317)","(383, 316)",1.0
1320,"(384, 314)","(384, 315)",1.0
1321,"(384, 313)","(385, 313)",1.0
1322,"(384, 312)","(385, 313)",1.4142135623730951
1323,"(385, 312)","(385, 311)",1.0
1324,"(385, 311)","(385, 311)",0.0
1325,"(385, 310)","(386, 310)",1.0
1326,"(385, 309)","(386, 309)",1.0
1327,"(385, 308)","(0, 0)",493.04056628232934
1328,"(385, 308)","(386, 308)",1.0
1329,"(385, 307)","(0, 0)",492.41649038187177
1330,"(385, 306)","(485, 421)",152.3975065412817
1331,"(385, 307)","(0, 0)",492.41649038187177
1332,"(384, 308)","(386, 306)",2.8284271247461903
1333,"(384, 309)","(387, 310)",3.1622776601683795
1334,"(383, 310)","(386, 311)",3.1622776601683795
1335,"(383, 311)","(384, 311)",1.0
1336,"(383, 311)","(384, 311)",1.0
1337,"(382, 310)","(383, 311)",1.4142135623730951
1338,"(382, 310)","(383, 310)",1.0
1339,"(381, 309)","(382, 309)",1.0
1340,"(381, 309)","(0, 0)",490.5527494571812
1341,"(380, 308)","(380, 308)",0.0
1342,"(379, 307)","(379, 308)",1.0
1343,"(377, 306)","(378, 307)",1.4142135623730951
1344,"(376, 305)","(377, 306)",1.4142135623730951
1345,"(375, 304)","(375, 305)",1.0
1346,"(372, 304)","(374, 304)",2.0
1347,"(369, 303)","(373, 303)",4.0
1348,"(365, 303)","(371, 302)",6.082762530298219
1349,"(362, 302)","(364, 302)",2.0
1350,"(359, 302)","(360, 302)",1.0
1351,"(357, 301)","(358, 302)",1.4142135623730951
1352,"(355, 300)","(356, 301)",1.4142135623730951
1353,"(353, 298)","(353, 299)",1.0
1354,"(351, 297)","(351, 298)",1.0
1355,"(349, 296)","(349, 297)",1.0
1356,"(347, 295)","(348, 296)",1.4142135623730951
1357,"(345, 294)","(345, 295)",1.0
1358,"(344, 294)","(345, 294)",1.0
1359,"(342, 293)","(342, 293)",0.0
1360,"(340, 292)","(340, 292)",0.0
1361,"(338, 291)","(339, 291)",1.0
1362,"(336, 290)","(336, 290)",0.0
1363,"(333, 288)","(334, 288)",1.0
1364,"(331, 287)","(332, 287)",1.0
1365,"(329, 286)","(329, 286)",0.0
1366,"(327, 285)","(327, 285)",0.0
1367,"(325, 284)","(325, 284)",0.0
1368,"(322, 282)","(322, 282)",0.0
1369,"(320, 281)","(320, 281)",0.0
1370,"(318, 280)","(318, 280)",0.0
1371,"(315, 279)","(315, 279)",0.0
1372,"(312, 278)","(312, 278)",0.0
1373,"(308, 276)","(310, 277)",2.23606797749979
1374,"(305, 275)","(307, 275)",2.0
1375,"(302, 274)","(302, 273)",1.0
1376,"(300, 273)","(300, 272)",1.0
1377,"(297, 272)","(298, 271)",1.4142135623730951
1378,"(295, 271)","(295, 270)",1.0
1379,"(292, 270)","(293, 269)",1.4142135623730951
1380,"(290, 269)","(290, 269)",0.0
1381,"(288, 268)","(110, 114)",235.3720459187964
1382,"(286, 268)","(286, 267)",1.0
1383,"(283, 267)","(0, 0)",389.07325788339654
1384,"(281, 267)","(281, 267)",0.0
1385,"(279, 266)","(279, 266)",0.0
1386,"(275, 266)","(276, 266)",1.0
1387,"(272, 266)","(275, 265)",3.1622776601683795
1388,"(268, 265)","(272, 264)",4.123105625617661
1389,"(265, 265)","(266, 264)",1.4142135623730951
1390,"(261, 265)","(261, 264)",1.0
1391,"(259, 265)","(259, 264)",1.0
1392,"(257, 264)","(257, 264)",0.0
1393,"(255, 264)","(255, 263)",1.0
1394,"(253, 263)","(253, 263)",0.0
1395,"(251, 263)","(251, 262)",1.0
1396,"(249, 262)","(250, 262)",1.0
1397,"(248, 262)","(248, 261)",1.0
1398,"(246, 261)","(246, 261)",0.0
1399,"(245, 261)","(245, 261)",0.0
1400,"(243, 260)","(243, 260)",0.0
1401,"(241, 260)","(241, 260)",0.0
1402,"(239, 259)","(238, 259)",1.0
1403,"(237, 259)","(236, 258)",1.4142135623730951
1404,"(235, 258)","(235, 258)",0.0
1405,"(233, 258)","(234, 258)",1.0
1406,"(231, 258)","(232, 257)",1.4142135623730951
1407,"(229, 258)","(231, 257)",2.23606797749979
1408,"(228, 257)","(229, 257)",1.0
1409,"(226, 257)","(228, 257)",2.0
1410,"(224, 257)","(225, 257)",1.0
1411,"(223, 257)","(223, 256)",1.0
1412,"(222, 257)","(222, 256)",1.0
1413,"(221, 256)","(221, 256)",0.0
1414,"(220, 256)","(220, 256)",0.0
1415,"(219, 256)","(219, 256)",0.0
1416,"(218, 256)","(217, 256)",1.0
1417,"(216, 255)","(216, 255)",0.0
1418,"(215, 255)","(215, 255)",0.0
1419,"(213, 254)","(214, 255)",1.4142135623730951
1420,"(212, 254)","(213, 254)",1.0
1421,"(211, 253)","(212, 254)",1.4142135623730951
1422,"(210, 253)","(211, 253)",1.0
1423,"(210, 252)","(211, 253)",1.4142135623730951
1424,"(209, 252)","(210, 252)",1.0
1425,"(208, 251)","(208, 251)",0.0
1426,"(206, 249)","(205, 249)",1.0
1427,"(204, 247)","(200, 245)",4.47213595499958
1428,"(202, 246)","(199, 243)",4.242640687119285
1429,"(200, 244)","(199, 242)",2.23606797749979
1430,"(198, 242)","(198, 242)",0.0
1431,"(198, 241)","(198, 241)",0.0
1432,"(197, 241)","(197, 241)",0.0
1433,"(197, 240)","(197, 241)",1.0
1434,"(196, 240)","(196, 240)",0.0
1435,"(196, 239)","(196, 239)",0.0
1436,"(195, 239)","(195, 239)",0.0
1437,"(195, 239)","(195, 239)",0.0
1438,"(194, 239)","(194, 239)",0.0
1439,"(194, 239)","(194, 239)",0.0
1440,"(193, 239)","(194, 239)",1.0
1441,"(193, 239)","(193, 239)",0.0
1442,"(193, 239)","(193, 238)",1.0
1443,"(193, 239)","(193, 238)",1.0
1444,"(193, 239)","(193, 238)",1.0
1445,"(193, 239)","(193, 238)",1.0
1446,"(192, 241)","(193, 239)",2.23606797749979
1447,"(191, 243)","(193, 239)",4.47213595499958
1448,"(190, 244)","(191, 242)",2.23606797749979
1449,"(189, 246)","(189, 246)",0.0
1450,"(188, 248)","(188, 248)",0.0
1451,"(188, 248)","(188, 249)",1.0
1452,"(188, 249)","(188, 249)",0.0
1453,"(187, 249)","(187, 250)",1.0
1454,"(187, 250)","(187, 250)",0.0
1455,"(187, 250)","(187, 250)",0.0
1456,"(187, 250)","(187, 250)",0.0
1457,"(187, 250)","(187, 250)",0.0
1458,"(187, 250)","(188, 250)",1.0
1459,"(187, 250)","(188, 250)",1.0
1460,"(187, 250)","(188, 250)",1.0
1461,"(188, 250)","(188, 249)",1.0
1462,"(188, 249)","(188, 249)",0.0
1463,"(189, 249)","(189, 249)",0.0
1464,"(189, 248)","(189, 249)",1.0
1465,"(190, 248)","(190, 248)",0.0
1466,"(190, 245)","(190, 247)",2.0
1467,"(190, 242)","(191, 247)",5.0990195135927845
1468,"(190, 240)","(191, 245)",5.0990195135927845
1469,"(190, 237)","(190, 239)",2.0
1470,"(190, 234)","(190, 233)",1.0
1471,"(190, 233)","(191, 232)",1.4142135623730951
1472,"(191, 232)","(191, 232)",0.0
1473,"(191, 231)","(192, 231)",1.0
1474,"(192, 230)","(193, 230)",1.0
1475,"(192, 229)","(193, 229)",1.0
1476,"(193, 228)","(194, 229)",1.4142135623730951
1477,"(193, 227)","(194, 228)",1.4142135623730951
1478,"(194, 227)","(195, 227)",1.0
1479,"(194, 226)","(195, 226)",1.0
1480,"(195, 225)","(196, 226)",1.4142135623730951
1481,"(196, 225)","(196, 225)",0.0
1482,"(196, 224)","(196, 224)",0.0
1483,"(197, 224)","(197, 224)",0.0
1484,"(197, 223)","(197, 223)",0.0
1485,"(198, 223)","(198, 223)",0.0
1486,"(199, 222)","(198, 222)",1.0
1487,"(199, 222)","(199, 222)",0.0
1488,"(200, 221)","(200, 221)",0.0
1489,"(200, 221)","(201, 220)",1.4142135623730951
1490,"(201, 220)","(201, 220)",0.0
1491,"(202, 220)","(202, 219)",1.0
1492,"(202, 219)","(203, 219)",1.0
1493,"(203, 219)","(203, 218)",1.0
1494,"(203, 218)","(204, 218)",1.0
1495,"(204, 218)","(205, 218)",1.0
1496,"(205, 218)","(205, 218)",0.0
1497,"(206, 218)","(206, 218)",0.0
1498,"(206, 217)","(207, 218)",1.4142135623730951
1499,"(207, 217)","(207, 218)",1.0
1500,"(208, 217)","(208, 217)",0.0
1501,"(209, 217)","(208, 217)",1.0
1502,"(209, 217)","(209, 217)",0.0
1503,"(210, 217)","(209, 217)",1.0
1504,"(210, 217)","(210, 217)",0.0
1505,"(211, 217)","(211, 217)",0.0
1506,"(212, 217)","(212, 217)",0.0
1507,"(213, 218)","(213, 217)",1.0
1508,"(214, 218)","(214, 218)",0.0
1509,"(215, 219)","(215, 218)",1.0
1510,"(216, 219)","(216, 218)",1.0
1511,"(217, 219)","(217, 218)",1.0
1512,"(219, 219)","(219, 218)",1.0
1513,"(220, 219)","(220, 218)",1.0
1514,"(222, 219)","(221, 219)",1.0
1515,"(223, 219)","(223, 219)",0.0
1516,"(224, 219)","(224, 219)",0.0
1517,"(226, 219)","(226, 219)",0.0
1518,"(227, 219)","(227, 219)",0.0
1519,"(229, 219)","(229, 219)",0.0
1520,"(230, 219)","(230, 219)",0.0
1521,"(232, 219)","(232, 219)",0.0
1522,"(234, 219)","(235, 219)",1.0
1523,"(235, 220)","(236, 219)",1.4142135623730951
1524,"(237, 220)","(237, 219)",1.0
1525,"(239, 220)","(240, 220)",1.0
1526,"(241, 220)","(241, 220)",0.0
1527,"(243, 221)","(243, 220)",1.0
1528,"(245, 221)","(245, 220)",1.0
1529,"(247, 222)","(247, 221)",1.0
1530,"(249, 222)","(249, 221)",1.0
1531,"(251, 223)","(251, 222)",1.0
1532,"(253, 223)","(253, 222)",1.0
1533,"(254, 224)","(255, 223)",1.4142135623730951
1534,"(256, 224)","(257, 224)",1.0
1535,"(258, 225)","(259, 224)",1.4142135623730951
1536,"(261, 226)","(261, 225)",1.0
1537,"(264, 227)","(266, 226)",2.23606797749979
1538,"(267, 227)","(269, 227)",2.0
1539,"(270, 228)","(271, 228)",1.0
1540,"(273, 229)","(274, 229)",1.0
1541,"(276, 230)","(277, 230)",1.0
1542,"(279, 231)","(281, 232)",2.23606797749979
1543,"(282, 233)","(283, 233)",1.0
1544,"(285, 234)","(286, 234)",1.0
1545,"(288, 235)","(288, 235)",0.0
1546,"(290, 236)","(290, 236)",0.0
1547,"(292, 237)","(292, 237)",0.0
1548,"(295, 237)","(295, 237)",0.0
1549,"(297, 238)","(297, 238)",0.0
1550,"(299, 239)","(299, 239)",0.0
1551,"(302, 240)","(301, 240)",1.0
1552,"(304, 241)","(303, 241)",1.0
1553,"(307, 243)","(307, 243)",0.0
1554,"(309, 244)","(309, 244)",0.0
1555,"(312, 245)","(311, 245)",1.0
1556,"(314, 246)","(313, 246)",1.0
1557,"(316, 247)","(315, 246)",1.4142135623730951
1558,"(319, 249)","(317, 248)",2.23606797749979
1559,"(321, 250)","(319, 248)",2.8284271247461903
1560,"(323, 251)","(322, 250)",1.4142135623730951
1561,"(326, 253)","(329, 254)",3.1622776601683795
1562,"(330, 255)","(0, 0)",417.0431632337353
1563,"(333, 256)","(337, 259)",5.0
1564,"(337, 258)","(339, 260)",2.8284271247461903
1565,"(340, 260)","(341, 261)",1.4142135623730951
1566,"(341, 261)","(342, 262)",1.4142135623730951
1567,"(343, 262)","(344, 263)",1.4142135623730951
1568,"(344, 263)","(345, 264)",1.4142135623730951
1569,"(346, 264)","(346, 265)",1.0
1570,"(347, 265)","(348, 265)",1.0
1571,"(348, 266)","(349, 266)",1.0
1572,"(350, 266)","(351, 267)",1.4142135623730951
1573,"(351, 267)","(352, 268)",1.4142135623730951
1574,"(353, 267)","(0, 0)",442.6036601746533
1575,"(354, 268)","(354, 269)",1.0
1576,"(355, 269)","(21, 207)",339.70575502926056
1577,"(357, 270)","(0, 0)",447.6036192883163
1578,"(358, 270)","(0, 0)",448.4016057063132
1579,"(360, 271)","(0, 0)",450.60071016366584
1580,"(361, 272)","(0, 0)",452.0011061933367
1581,"(362, 273)","(363, 273)",1.0
1582,"(364, 274)","(0, 0)",455.60070236995904
1583,"(365, 274)","(0, 0)",456.40004382120736
1584,"(367, 275)","(0, 0)",458.6000436109879
1585,"(368, 276)","(368, 277)",1.0
1586,"(371, 279)","(0, 0)",464.2003877637329
1587,"(374, 282)","(373, 281)",1.4142135623730951
1588,"(378, 284)","(381, 288)",5.0
1589,"(381, 287)","(384, 290)",4.242640687119285
1590,"(384, 290)","(385, 290)",1.0
1591,"(385, 291)","(385, 292)",1.0
1592,"(386, 292)","(386, 292)",0.0
1593,"(388, 292)","(387, 293)",1.4142135623730951
1594,"(389, 293)","(389, 295)",2.0
1595,"(390, 294)","(390, 295)",1.0
1596,"(391, 295)","(390, 297)",2.23606797749979
1597,"(391, 295)","(391, 297)",2.0
1598,"(392, 296)","(0, 0)",491.20260585628006
1599,"(392, 296)","(393, 298)",2.23606797749979
1600,"(393, 297)","(393, 298)",1.0
1601,"(393, 298)","(394, 299)",1.4142135623730951
1602,"(394, 298)","(0, 0)",494.00404856640597
1603,"(394, 299)","(0, 0)",494.6079255329417
1604,"(395, 299)","(0, 0)",495.40488491737744
1605,"(395, 300)","(0, 0)",496.0090724976711
1606,"(396, 299)","(0, 0)",496.2025795982927
1607,"(397, 299)","(0, 0)",497.0010060351991
1608,"(397, 298)","(0, 0)",496.400040290087
1609,"(398, 298)","(0, 0)",497.20016090101984
1610,"(399, 297)","(0, 0)",497.40325692540455
1611,"(399, 297)","(400, 299)",2.23606797749979
1612,"(399, 297)","(0, 0)",497.40325692540455
1613,"(399, 297)","(400, 299)",2.23606797749979
1614,"(399, 297)","(401, 299)",2.8284271247461903
1615,"(399, 297)","(0, 0)",497.40325692540455
1616,"(399, 297)","(0, 0)",497.40325692540455
1617,"(399, 297)","(0, 0)",497.40325692540455
1618,"(399, 296)","(0, 0)",496.8068034960874
1619,"(399, 296)","(0, 0)",496.8068034960874
1620,"(399, 296)","(0, 0)",496.8068034960874
1621,"(399, 296)","(487, 420)",152.0526224699857
1622,"(399, 296)","(488, 423)",155.08062419270823
1623,"(399, 297)","(0, 0)",497.40325692540455
1624,"(399, 297)","(487, 425)",155.3319027115808
1625,"(399, 297)","(400, 299)",2.23606797749979
1626,"(399, 297)","(0, 0)",497.40325692540455
1627,"(399, 298)","(400, 299)",1.4142135623730951
1628,"(398, 298)","(400, 299)",2.23606797749979
1629,"(398, 299)","(399, 299)",1.0
1630,"(398, 299)","(486, 426)",154.50889942006577
1631,"(398, 300)","(0, 0)",498.4014446206993
1632,"(398, 300)","(0, 0)",498.4014446206993
1633,"(397, 301)","(486, 426)",153.44705927452634
1634,"(397, 301)","(0, 0)",498.20678437773205
1635,"(397, 302)","(0, 0)",498.8115876761485
1636,"(397, 303)","(399, 303)",2.0
1637,"(397, 304)","(0, 0)",500.02499937503126
1638,"(397, 304)","(398, 306)",2.23606797749979
1639,"(397, 305)","(398, 306)",1.4142135623730951
1640,"(397, 306)","(397, 307)",1.0
1641,"(397, 307)","(397, 308)",1.0
1642,"(397, 308)","(397, 309)",1.0
1643,"(396, 308)","(0, 0)",501.67718704362073
1644,"(396, 309)","(0, 0)",502.29174789160135
1645,"(396, 310)","(0, 0)",502.90754617523885
1646,"(396, 312)","(485, 428)",146.2087548678259
1647,"(397, 314)","(485, 428)",144.01388821915754
1648,"(397, 316)","(398, 316)",1.0
1649,"(398, 318)","(399, 320)",2.23606797749979
1650,"(398, 320)","(398, 321)",1.0
1651,"(398, 321)","(398, 322)",1.0
1652,"(397, 321)","(397, 322)",1.0
1653,"(397, 322)","(397, 323)",1.0
1654,"(396, 322)","(397, 323)",1.4142135623730951
1655,"(396, 323)","(397, 324)",1.4142135623730951
1656,"(396, 323)","(397, 324)",1.4142135623730951
1657,"(396, 324)","(396, 325)",1.0
1658,"(395, 324)","(396, 325)",1.4142135623730951
1659,"(395, 325)","(396, 326)",1.4142135623730951
1660,"(395, 325)","(396, 326)",1.4142135623730951
1661,"(395, 325)","(395, 327)",2.0
1662,"(394, 326)","(395, 327)",1.4142135623730951
1663,"(394, 326)","(395, 327)",1.4142135623730951
1664,"(393, 327)","(394, 327)",1.0
1665,"(393, 327)","(394, 327)",1.0
1666,"(393, 328)","(0, 0)",511.8915900852445
1667,"(392, 329)","(393, 328)",1.4142135623730951
1668,"(392, 331)","(393, 328)",3.1622776601683795
1669,"(391, 332)","(393, 328)",4.47213595499958
1670,"(391, 333)","(392, 328)",5.0990195135927845
1671,"(391, 332)","(392, 329)",3.1622776601683795
1672,"(390, 332)","(391, 329)",3.1622776601683795
1673,"(390, 331)","(391, 329)",2.23606797749979
1674,"(389, 331)","(390, 330)",1.4142135623730951
1675,"(389, 330)","(390, 330)",1.0
1676,"(388, 330)","(389, 330)",1.0
1677,"(388, 330)","(389, 330)",1.0
1678,"(387, 330)","(388, 330)",1.0
1679,"(387, 330)","(388, 330)",1.0
1680,"(386, 330)","(387, 330)",1.0
1681,"(384, 329)","(386, 329)",2.0
1682,"(382, 329)","(385, 330)",3.1622776601683795
1683,"(381, 328)","(384, 329)",3.1622776601683795
1684,"(379, 328)","(383, 329)",4.123105625617661
1685,"(377, 327)","(0, 0)",499.05711096025874
1686,"(375, 326)","(372, 322)",5.0
1687,"(374, 324)","(372, 321)",3.605551275463989
1688,"(372, 323)","(371, 321)",2.23606797749979
1689,"(371, 321)","(370, 320)",1.4142135623730951
1690,"(369, 320)","(369, 320)",0.0
1691,"(368, 319)","(368, 319)",0.0
1692,"(367, 318)","(367, 319)",1.0
1693,"(365, 318)","(366, 318)",1.0
1694,"(364, 317)","(365, 317)",1.0
1695,"(363, 316)","(363, 317)",1.0
1696,"(362, 315)","(362, 317)",2.0
1697,"(361, 315)","(361, 315)",0.0
1698,"(359, 314)","(360, 315)",1.4142135623730951
1699,"(358, 314)","(359, 314)",1.0
1700,"(357, 313)","(358, 313)",1.0
1701,"(356, 312)","(356, 313)",1.0
1702,"(354, 312)","(355, 312)",1.0
1703,"(353, 311)","(354, 313)",2.23606797749979
1704,"(351, 311)","(352, 312)",1.4142135623730951
1705,"(350, 310)","(351, 311)",1.4142135623730951
1706,"(349, 310)","(349, 310)",0.0
1707,"(347, 309)","(349, 309)",2.0
1708,"(346, 309)","(346, 309)",0.0
1709,"(344, 308)","(344, 309)",1.0
1710,"(343, 308)","(343, 308)",0.0
1711,"(341, 307)","(341, 308)",1.0
1712,"(339, 306)","(339, 307)",1.0
1713,"(338, 306)","(337, 306)",1.0
1714,"(336, 305)","(336, 306)",1.0
1715,"(334, 304)","(334, 305)",1.0
1716,"(332, 303)","(332, 304)",1.0
1717,"(330, 302)","(330, 303)",1.0
1718,"(329, 301)","(329, 302)",1.0
1719,"(327, 300)","(327, 301)",1.0
1720,"(325, 299)","(325, 300)",1.0
1721,"(323, 298)","(323, 299)",1.0
1722,"(321, 297)","(321, 298)",1.0
1723,"(319, 297)","(319, 297)",0.0
1724,"(317, 296)","(317, 296)",0.0
1725,"(315, 295)","(315, 295)",0.0
1726,"(312, 294)","(313, 294)",1.0
1727,"(310, 293)","(311, 293)",1.0
1728,"(307, 291)","(306, 291)",1.0
1729,"(305, 290)","(304, 290)",1.0
1730,"(302, 289)","(302, 289)",0.0
1731,"(300, 288)","(300, 288)",0.0
1732,"(298, 287)","(298, 287)",0.0
1733,"(295, 287)","(296, 286)",1.4142135623730951
1734,"(293, 286)","(294, 285)",1.4142135623730951
1735,"(291, 285)","(292, 285)",1.0
1736,"(289, 284)","(289, 284)",0.0
1737,"(286, 283)","(287, 283)",1.0
1738,"(284, 281)","(286, 282)",2.23606797749979
1739,"(281, 280)","(284, 280)",3.0
1740,"(279, 279)","(279, 279)",0.0
1741,"(277, 278)","(277, 278)",0.0
1742,"(275, 277)","(275, 277)",0.0
1743,"(272, 276)","(273, 276)",1.0
1744,"(270, 275)","(272, 275)",2.0
1745,"(268, 274)","(269, 274)",1.0
1746,"(266, 273)","(267, 273)",1.0
1747,"(263, 272)","(265, 272)",2.0
1748,"(261, 272)","(263, 272)",2.0
1749,"(258, 271)","(261, 271)",3.0
1750,"(256, 270)","(257, 269)",1.4142135623730951
1751,"(254, 269)","(254, 268)",1.0
1752,"(252, 268)","(252, 268)",0.0
1753,"(250, 268)","(98, 114)",216.3792966066763
1754,"(248, 267)","(248, 266)",1.0
1755,"(246, 266)","(246, 265)",1.0
1756,"(244, 265)","(245, 265)",1.0
1757,"(242, 264)","(243, 264)",1.0
1758,"(241, 264)","(241, 264)",0.0
1759,"(239, 263)","(239, 262)",1.0
1760,"(237, 262)","(237, 262)",0.0
1761,"(235, 262)","(235, 262)",0.0
1762,"(233, 261)","(233, 261)",0.0
1763,"(231, 261)","(231, 261)",0.0
1764,"(229, 260)","(229, 260)",0.0
1765,"(227, 260)","(227, 260)",0.0
1766,"(225, 259)","(225, 259)",0.0
1767,"(223, 259)","(90, 98)",208.83007446246816
1768,"(221, 258)","(222, 259)",1.4142135623730951
1769,"(219, 258)","(219, 258)",0.0
1770,"(217, 257)","(217, 258)",1.0
1771,"(214, 257)","(215, 257)",1.0
1772,"(212, 257)","(89, 90)",207.40781084616847
1773,"(209, 256)","(212, 256)",3.0
1774,"(207, 256)","(208, 256)",1.0
1775,"(204, 256)","(205, 256)",1.0
1776,"(203, 256)","(203, 255)",1.0
1777,"(202, 255)","(202, 255)",0.0
1778,"(201, 255)","(200, 255)",1.0
1779,"(200, 254)","(199, 255)",1.4142135623730951
1780,"(199, 254)","(198, 254)",1.0
1781,"(198, 254)","(197, 254)",1.0
1782,"(197, 253)","(196, 253)",1.0
1783,"(196, 253)","(195, 253)",1.0
1784,"(195, 252)","(195, 253)",1.0
1785,"(194, 252)","(194, 252)",0.0
1786,"(193, 252)","(192, 251)",1.4142135623730951
1787,"(192, 251)","(192, 251)",0.0
1788,"(191, 251)","(191, 251)",0.0
1789,"(190, 250)","(190, 250)",0.0
1790,"(189, 250)","(189, 250)",0.0
1791,"(188, 249)","(188, 250)",1.0
1792,"(187, 248)","(187, 248)",0.0
1793,"(187, 247)","(186, 246)",1.4142135623730951
1794,"(186, 246)","(185, 245)",1.4142135623730951
1795,"(185, 245)","(185, 245)",0.0
1796,"(184, 244)","(184, 244)",0.0
1797,"(183, 244)","(183, 243)",1.0
1798,"(183, 243)","(182, 243)",1.0
1799,"(182, 243)","(181, 243)",1.0
1800,"(181, 242)","(181, 243)",1.0
1801,"(180, 241)","(180, 242)",1.0
1802,"(179, 241)","(179, 241)",0.0
1803,"(179, 240)","(179, 240)",0.0
1804,"(178, 240)","(178, 240)",0.0
1805,"(177, 239)","(177, 240)",1.0
1806,"(176, 239)","(176, 240)",1.0
1807,"(176, 239)","(176, 240)",1.0
1808,"(175, 239)","(175, 239)",0.0
1809,"(175, 239)","(175, 239)",0.0
1810,"(174, 239)","(174, 239)",0.0
1811,"(174, 239)","(173, 239)",1.0
1812,"(173, 239)","(173, 239)",0.0
1813,"(173, 239)","(173, 239)",0.0
1814,"(172, 239)","(172, 239)",0.0
1815,"(172, 239)","(172, 239)",0.0
1816,"(172, 239)","(172, 238)",1.0
1817,"(172, 239)","(172, 238)",1.0
1818,"(172, 238)","(172, 238)",0.0
1819,"(172, 238)","(172, 238)",0.0
1820,"(172, 238)","(172, 238)",0.0
1821,"(172, 238)","(172, 238)",0.0
1822,"(172, 237)","(172, 237)",0.0
1823,"(172, 237)","(172, 237)",0.0
1824,"(172, 236)","(172, 237)",1.0
1825,"(172, 236)","(172, 237)",1.0
1826,"(172, 236)","(172, 237)",1.0
1827,"(172, 236)","(172, 237)",1.0
1828,"(172, 236)","(172, 237)",1.0
1829,"(172, 236)","(172, 236)",0.0
1830,"(172, 236)","(172, 236)",0.0
1831,"(171, 237)","(172, 237)",1.0
1832,"(171, 238)","(172, 237)",1.4142135623730951
1833,"(170, 239)","(172, 237)",2.8284271247461903
1834,"(170, 240)","(169, 242)",2.23606797749979
1835,"(169, 241)","(169, 242)",1.0
1836,"(169, 242)","(169, 242)",0.0
1837,"(170, 242)","(169, 243)",1.4142135623730951
1838,"(170, 243)","(170, 243)",0.0
1839,"(171, 243)","(170, 244)",1.4142135623730951
1840,"(171, 244)","(171, 245)",1.0
1841,"(171, 244)","(171, 245)",1.0
1842,"(171, 245)","(171, 246)",1.0
1843,"(172, 245)","(171, 246)",1.4142135623730951
1844,"(172, 246)","(171, 246)",1.0
1845,"(172, 246)","(172, 247)",1.0
1846,"(172, 247)","(172, 247)",0.0
1847,"(172, 248)","(172, 248)",0.0
1848,"(173, 248)","(172, 249)",1.4142135623730951
1849,"(173, 249)","(172, 250)",1.4142135623730951
1850,"(173, 250)","(172, 250)",1.0
1851,"(173, 250)","(172, 251)",1.4142135623730951
1852,"(173, 251)","(172, 251)",1.0
1853,"(173, 251)","(173, 251)",0.0
1854,"(173, 252)","(173, 252)",0.0
1855,"(173, 252)","(173, 252)",0.0
1856,"(174, 254)","(174, 254)",0.0
1857,"(175, 257)","(176, 260)",3.1622776601683795
1858,"(175, 259)","(177, 262)",3.605551275463989
1859,"(176, 262)","(177, 264)",2.23606797749979
1860,"(177, 264)","(177, 265)",1.0
1861,"(177, 265)","(177, 265)",0.0
1862,"(177, 266)","(177, 266)",0.0
1863,"(177, 266)","(178, 267)",1.4142135623730951
1864,"(177, 267)","(178, 267)",1.0
1865,"(177, 268)","(178, 268)",1.0
1866,"(177, 268)","(178, 268)",1.0
1867,"(177, 268)","(178, 269)",1.4142135623730951
1868,"(178, 269)","(178, 269)",0.0
1869,"(178, 269)","(178, 269)",0.0
1870,"(178, 269)","(178, 270)",1.0
1871,"(178, 269)","(178, 270)",1.0
1872,"(178, 270)","(179, 270)",1.0
1873,"(179, 270)","(179, 270)",0.0
1874,"(179, 271)","(179, 271)",0.0
1875,"(179, 271)","(179, 271)",0.0
1876,"(179, 271)","(179, 271)",0.0
1877,"(179, 271)","(180, 272)",1.4142135623730951
1878,"(180, 272)","(180, 272)",0.0
1879,"(180, 272)","(180, 272)",0.0
1880,"(180, 272)","(180, 273)",1.0
1881,"(179, 273)","(180, 273)",1.0
1882,"(178, 275)","(177, 276)",1.4142135623730951
1883,"(178, 276)","(176, 278)",2.8284271247461903
1884,"(177, 278)","(176, 279)",1.4142135623730951
1885,"(176, 279)","(176, 279)",0.0
1886,"(176, 279)","(176, 279)",0.0
1887,"(176, 279)","(176, 279)",0.0
1888,"(177, 280)","(176, 279)",1.4142135623730951
1889,"(177, 280)","(177, 280)",0.0
1890,"(177, 280)","(177, 280)",0.0
1891,"(178, 280)","(178, 280)",0.0
1892,"(178, 280)","(178, 280)",0.0
1893,"(179, 281)","(179, 280)",1.0
1894,"(179, 281)","(179, 280)",1.0
1895,"(180, 281)","(180, 281)",0.0
1896,"(181, 281)","(180, 281)",1.0
1897,"(182, 282)","(181, 281)",1.4142135623730951
1898,"(182, 282)","(182, 282)",0.0
1899,"(183, 283)","(183, 282)",1.0
1900,"(184, 283)","(183, 283)",1.0
1901,"(185, 284)","(184, 284)",1.0
1902,"(186, 285)","(185, 284)",1.4142135623730951
1903,"(188, 285)","(186, 284)",2.23606797749979
1904,"(189, 286)","(187, 285)",2.23606797749979
1905,"(190, 287)","(190, 287)",0.0
1906,"(192, 287)","(191, 286)",1.4142135623730951
1907,"(193, 288)","(193, 287)",1.0
1908,"(195, 288)","(195, 289)",1.0
1909,"(196, 289)","(196, 289)",0.0
1910,"(198, 289)","(198, 290)",1.0
1911,"(200, 290)","(199, 290)",1.0
1912,"(202, 291)","(202, 292)",1.0
1913,"(203, 291)","(204, 293)",2.23606797749979
1914,"(205, 292)","(206, 293)",1.4142135623730951
1915,"(207, 293)","(207, 294)",1.0
1916,"(209, 294)","(209, 294)",0.0
1917,"(211, 294)","(211, 295)",1.0
1918,"(212, 295)","(212, 295)",0.0
1919,"(214, 295)","(214, 295)",0.0
1920,"(216, 296)","(216, 296)",0.0
1921,"(218, 296)","(217, 297)",1.4142135623730951
1922,"(220, 297)","(219, 297)",1.0
1923,"(221, 297)","(221, 298)",1.0
1924,"(223, 298)","(223, 298)",0.0
1925,"(225, 298)","(225, 299)",1.0
1926,"(228, 299)","(227, 300)",1.4142135623730951
1927,"(230, 300)","(232, 301)",2.23606797749979
1928,"(233, 301)","(234, 302)",1.4142135623730951
1929,"(235, 302)","(236, 303)",1.4142135623730951
1930,"(238, 303)","(238, 303)",0.0
1931,"(241, 305)","(28, 250)",219.98636321372285
1932,"(244, 306)","(21, 241)",232.28000344411913
1933,"(248, 308)","(246, 307)",2.23606797749979
1934,"(251, 309)","(31, 256)",226.29405648403582
1935,"(254, 311)","(31, 259)",228.98253208487324
1936,"(256, 312)","(32, 259)",230.18470844085192
1937,"(257, 313)","(258, 314)",1.4142135623730951
1938,"(259, 314)","(260, 315)",1.4142135623730951
1939,"(260, 315)","(261, 316)",1.4142135623730951
1940,"(262, 316)","(262, 316)",0.0
1941,"(264, 317)","(264, 317)",0.0
1942,"(265, 318)","(265, 318)",0.0
1943,"(267, 318)","(267, 318)",0.0
1944,"(268, 319)","(268, 319)",0.0
1945,"(270, 320)","(269, 320)",1.0
1946,"(271, 321)","(271, 321)",0.0
1947,"(273, 321)","(273, 321)",0.0
1948,"(274, 322)","(274, 322)",0.0
1949,"(276, 322)","(276, 322)",0.0
1950,"(277, 323)","(278, 323)",1.0
1951,"(279, 323)","(279, 323)",0.0
1952,"(281, 324)","(281, 324)",0.0
1953,"(282, 324)","(282, 324)",0.0
1954,"(284, 325)","(284, 325)",0.0
1955,"(286, 325)","(286, 325)",0.0
1956,"(288, 325)","(288, 326)",1.0
1957,"(290, 326)","(289, 326)",1.0
1958,"(291, 326)","(291, 326)",0.0
1959,"(293, 327)","(293, 327)",0.0
1960,"(295, 327)","(294, 327)",1.0
1961,"(297, 327)","(296, 327)",1.0
1962,"(298, 328)","(299, 327)",1.4142135623730951
1963,"(300, 328)","(300, 328)",0.0
1964,"(301, 329)","(302, 328)",1.4142135623730951
1965,"(303, 329)","(303, 329)",0.0
1966,"(305, 329)","(305, 329)",0.0
1967,"(306, 329)","(306, 329)",0.0
1968,"(308, 329)","(308, 329)",0.0
1969,"(309, 329)","(310, 329)",1.0
1970,"(311, 329)","(312, 329)",1.0
1971,"(314, 329)","(317, 330)",3.1622776601683795
1972,"(317, 330)","(322, 331)",5.0990195135927845
1973,"(321, 330)","(324, 331)",3.1622776601683795
1974,"(324, 331)","(326, 331)",2.0
1975,"(327, 331)","(327, 331)",0.0
1976,"(328, 331)","(328, 331)",0.0
1977,"(329, 331)","(329, 331)",0.0
1978,"(330, 332)","(330, 332)",0.0
1979,"(331, 332)","(331, 332)",0.0
1980,"(332, 332)","(332, 333)",1.0
1981,"(333, 332)","(333, 333)",1.0
1982,"(334, 333)","(334, 333)",0.0
1983,"(335, 333)","(336, 333)",1.0
1984,"(336, 334)","(336, 334)",0.0
1985,"(337, 334)","(337, 335)",1.0
1986,"(338, 334)","(338, 335)",1.0
1987,"(339, 334)","(339, 335)",1.0
1988,"(339, 335)","(340, 335)",1.0
1989,"(340, 335)","(340, 335)",0.0
1990,"(341, 335)","(342, 335)",1.0
1991,"(343, 336)","(343, 336)",0.0
1992,"(345, 337)","(343, 337)",2.0
1993,"(348, 338)","(344, 337)",4.123105625617661
1994,"(350, 339)","(345, 338)",5.0990195135927845
1995,"(352, 340)","(351, 341)",1.4142135623730951
1996,"(354, 340)","(357, 341)",3.1622776601683795
1997,"(356, 341)","(358, 342)",2.23606797749979
1998,"(357, 342)","(95, 252)",277.02707448911923
1999,"(359, 342)","(359, 343)",1.0
Total Frames,Total Measurements,Failed,Average Error
2000,2000,0,117.58522229806564
