frame;label;measured;error;;;;;;
0;(350, 262);(350, 261);1;;;;;;
1;(350, 262);(350, 261);1;;;;;;
2;(350, 262);(350, 261);1;;;;;;
3;(350, 262);(350, 261);1;;Total Frames;Total Measurements;Failed;% Failed;Average Error
4;(350, 262);(350, 261);1;;2000;1742;257;0.1285;1.236327703
5;(350, 262);(350, 261);1;;;;;;
6;(350, 262);(350, 261);1;;;;;;
7;(350, 262);(350, 261);1;;;;;;
8;(350, 262);(350, 261);1;;;;;;
9;(350, 262);(349, 260);2.236067977;;;;;;
10;(350, 262);(349, 260);2.236067977;;;;;;
11;(350, 262);(349, 260);2.236067977;;;;;;
12;(350, 262);(349, 260);2.236067977;;;;;;
13;(349, 262);(349, 260);2;;;;;;
14;(349, 262);(349, 260);2;;;;;;
15;(348, 262);(349, 260);2.236067977;;;;;;
16;(348, 261);(348, 260);1;;;;;;
17;(348, 261);(348, 260);1;;;;;;
18;(348, 261);(348, 260);1;;;;;;
19;(348, 261);(347, 260);1.414213562;;;;;;
20;(348, 260);(348, 260);0;;;;;;
21;(348, 260);(348, 260);0;;;;;;
22;(348, 260);(348, 259);1;;;;;;
23;(348, 260);(348, 259);1;;;;;;
24;(348, 260);(347, 259);1.414213562;;;;;;
25;(348, 260);(348, 259);1;;;;;;
26;(348, 260);(348, 259);1;;;;;;
27;(348, 260);(347, 259);1.414213562;;;;;;
28;(348, 260);(348, 259);1;;;;;;
29;(348, 260);(347, 258);2.236067977;;;;;;
30;(348, 260);(347, 258);2.236067977;;;;;;
31;(348, 259);(347, 258);1.414213562;;;;;;
32;(348, 259);(347, 258);1.414213562;;;;;;
33;(348, 258);(347, 258);1;;;;;;
34;(348, 258);(347, 257);1.414213562;;;;;;
35;(348, 258);(348, 258);0;;;;;;
36;(348, 258);(348, 257);1;;;;;;
37;(348, 258);(348, 257);1;;;;;;
38;(348, 258);(347, 257);1.414213562;;;;;;
39;(348, 258);(347, 257);1.414213562;;;;;;
40;(348, 258);(347, 257);1.414213562;;;;;;
41;(348, 258);(347, 258);1;;;;;;
42;(348, 258);(347, 258);1;;;;;;
43;(348, 258);(347, 258);1;;;;;;
44;(348, 258);(347, 257);1.414213562;;;;;;
45;(348, 258);(348, 258);0;;;;;;
46;(348, 258);(347, 257);1.414213562;;;;;;
47;(348, 258);(347, 257);1.414213562;;;;;;
48;(348, 258);(347, 257);1.414213562;;;;;;
49;(347, 258);(347, 257);1;;;;;;
50;(347, 258);(346, 257);1.414213562;;;;;;
51;(347, 258);(346, 257);1.414213562;;;;;;
52;(347, 258);(346, 257);1.414213562;;;;;;
53;(347, 258);(346, 257);1.414213562;;;;;;
54;(346, 258);(346, 257);1;;;;;;
55;(347, 257);(346, 256);1.414213562;;;;;;
56;(347, 257);(346, 256);1.414213562;;;;;;
57;(347, 257);(346, 256);1.414213562;;;;;;
58;(347, 257);(346, 256);1.414213562;;;;;;
59;(347, 257);(346, 256);1.414213562;;;;;;
60;(346, 257);(346, 256);1;;;;;;
61;(346, 257);(346, 256);1;;;;;;
62;(346, 257);(346, 256);1;;;;;;
63;(346, 258);(345, 257);1.414213562;;;;;;
64;(346, 257);(345, 257);1;;;;;;
65;(345, 257);(345, 256);1;;;;;;
66;(345, 257);(345, 257);0;;;;;;
67;(344, 257);(344, 257);0;;;;;;
68;(343, 257);(344, 256);1.414213562;;;;;;
69;(342, 256);(343, 256);1;;;;;;
70;(342, 256);(342, 256);0;;;;;;
71;(342, 256);(342, 256);0;;;;;;
72;(342, 256);(341, 256);1;;;;;;
73;(338, 256);(340, 256);2;;;;;;
74;(334, 256);(338, 256);4;;;;;;
75;(331, 256);(330, 255);1.414213562;;;;;;
76;(330, 256);(328, 255);2.236067977;;;;;;
77;(329, 256);(328, 255);1.414213562;;;;;;
78;(328, 256);(327, 255);1.414213562;;;;;;
79;(327, 255);(327, 255);0;;;;;;
80;(326, 254);(326, 254);0;;;;;;
81;(326, 254);(325, 254);1;;;;;;
82;(325, 254);(325, 254);0;;;;;;
83;(324, 254);(324, 254);0;;;;;;
84;(324, 254);(322, 254);2;;;;;;
85;(323, 254);(322, 254);1;;;;;;
86;(322, 254);(321, 255);1.414213562;;;;;;
87;(321, 254);(320, 254);1;;;;;;
88;(320, 254);(320, 254);0;;;;;;
89;(320, 254);(319, 253);1.414213562;;;;;;
90;(319, 254);(319, 253);1;;;;;;
91;(318, 254);(318, 253);1;;;;;;
92;(317, 254);(317, 253);1;;;;;;
93;(316, 254);(316, 253);1;;;;;;
94;(315, 254);(315, 254);0;;;;;;
95;(315, 254);(314, 254);1;;;;;;
96;(314, 254);(313, 254);1;;;;;;
97;(313, 254);(312, 254);1;;;;;;
98;(312, 254);(311, 255);1.414213562;;;;;;
99;(311, 254);(310, 254);1;;;;;;
100;(310, 255);(309, 254);1.414213562;;;;;;
101;(309, 255);(308, 254);1.414213562;;;;;;
102;(308, 255);(308, 254);1;;;;;;
103;(306, 254);(307, 254);1;;;;;;
104;(305, 254);(306, 253);1.414213562;;;;;;
105;(304, 254);(304, 253);1;;;;;;
106;(303, 254);(303, 253);1;;;;;;
107;(302, 254);(302, 253);1;;;;;;
108;(302, 254);(301, 254);1;;;;;;
109;(301, 254);(300, 254);1;;;;;;
110;(300, 254);(300, 253);1;;;;;;
111;(299, 254);(299, 253);1;;;;;;
112;(297, 254);(297, 254);0;;;;;;
113;(296, 255);(294, 255);2;;;;;;
114;(294, 256);(294, 255);1;;;;;;
115;(294, 256);(293, 255);1.414213562;;;;;;
116;(293, 256);(293, 255);1;;;;;;
117;(292, 256);(292, 255);1;;;;;;
118;(292, 256);(291, 255);1.414213562;;;;;;
119;(291, 255);(291, 254);1;;;;;;
120;(290, 255);(290, 255);0;;;;;;
121;(290, 255);(290, 254);1;;;;;;
122;(290, 256);(289, 255);1.414213562;;;;;;
123;(289, 256);(288, 255);1.414213562;;;;;;
124;(288, 256);(288, 254);2;;;;;;
125;(288, 255);(287, 254);1.414213562;;;;;;
126;(287, 255);(287, 254);1;;;;;;
127;(286, 255);(286, 254);1;;;;;;
128;(286, 255);(285, 254);1.414213562;;;;;;
129;(285, 255);(285, 254);1;;;;;;
130;(284, 254);(284, 254);0;;;;;;
131;(284, 254);(283, 254);1;;;;;;
132;(283, 254);None;None;;;;;;
133;(282, 254);None;None;;;;;;
134;(282, 255);None;None;;;;;;
135;(281, 256);(280, 253);3.16227766;;;;;;
136;(280, 255);None;None;;;;;;
137;(280, 254);None;None;;;;;;
138;(279, 253);None;None;;;;;;
139;(279, 253);(277, 252);2.236067977;;;;;;
140;(278, 253);(277, 253);1;;;;;;
141;(278, 254);None;None;;;;;;
142;(278, 253);None;None;;;;;;
143;(277, 253);(275, 253);2;;;;;;
144;(276, 253);(275, 253);1;;;;;;
145;(276, 253);None;None;;;;;;
146;(275, 253);None;None;;;;;;
147;(274, 252);None;None;;;;;;
148;(271, 253);None;None;;;;;;
149;(268, 253);None;None;;;;;;
150;(264, 253);(264, 252);1;;;;;;
151;(264, 253);(263, 252);1.414213562;;;;;;
152;(264, 252);(263, 252);1;;;;;;
153;(264, 252);(263, 252);1;;;;;;
154;(263, 252);None;None;;;;;;
155;(263, 252);(262, 252);1;;;;;;
156;(262, 252);(262, 252);0;;;;;;
157;(262, 252);None;None;;;;;;
158;(262, 252);(261, 251);1.414213562;;;;;;
159;(261, 252);None;None;;;;;;
160;(260, 252);(260, 251);1;;;;;;
161;(260, 252);None;None;;;;;;
162;(260, 252);(260, 253);1;;;;;;
163;(259, 252);None;None;;;;;;
164;(259, 252);None;None;;;;;;
165;(258, 252);None;None;;;;;;
166;(258, 252);None;None;;;;;;
167;(258, 252);None;None;;;;;;
168;(258, 252);None;None;;;;;;
169;(258, 252);(257, 252);1;;;;;;
170;(258, 252);None;None;;;;;;
171;(258, 252);(256, 252);2;;;;;;
172;(257, 252);None;None;;;;;;
173;(257, 252);(257, 252);0;;;;;;
174;(257, 252);(257, 252);0;;;;;;
175;(257, 251);None;None;;;;;;
176;(257, 251);(257, 251);0;;;;;;
177;(258, 251);(257, 251);1;;;;;;
178;(260, 251);(259, 251);1;;;;;;
179;(262, 250);(263, 251);1.414213562;;;;;;
180;(264, 250);(264, 250);0;;;;;;
181;(265, 250);(264, 250);1;;;;;;
182;(265, 249);(264, 249);1;;;;;;
183;(266, 249);(264, 250);2.236067977;;;;;;
184;(265, 249);(264, 249);1;;;;;;
185;(265, 248);(264, 249);1.414213562;;;;;;
186;(265, 248);(265, 248);0;;;;;;
187;(265, 248);(265, 248);0;;;;;;
188;(266, 247);None;None;;;;;;
189;(266, 246);(265, 247);1.414213562;;;;;;
190;(266, 246);None;None;;;;;;
191;(266, 246);(266, 246);0;;;;;;
192;(266, 246);(266, 246);0;;;;;;
193;(266, 244);(266, 244);0;;;;;;
194;(265, 242);(265, 244);2;;;;;;
195;(264, 240);(263, 240);1;;;;;;
196;(264, 240);(263, 239);1.414213562;;;;;;
197;(264, 239);(263, 238);1.414213562;;;;;;
198;(264, 238);(264, 238);0;;;;;;
199;(265, 238);(264, 237);1.414213562;;;;;;
200;(265, 237);(264, 236);1.414213562;;;;;;
201;(266, 236);(264, 236);2;;;;;;
202;(266, 236);(265, 236);1;;;;;;
203;(266, 235);(265, 235);1;;;;;;
204;(266, 234);(265, 234);1;;;;;;
205;(266, 234);(265, 234);1;;;;;;
206;(266, 234);(265, 233);1.414213562;;;;;;
207;(266, 233);(266, 232);1;;;;;;
208;(266, 232);(266, 232);0;;;;;;
209;(266, 232);(266, 231);1;;;;;;
210;(266, 232);(266, 231);1;;;;;;
211;(267, 231);(266, 230);1.414213562;;;;;;
212;(267, 230);(266, 229);1.414213562;;;;;;
213;(268, 230);(266, 229);2.236067977;;;;;;
214;(268, 229);(267, 228);1.414213562;;;;;;
215;(268, 228);(267, 228);1;;;;;;
216;(268, 228);(267, 227);1.414213562;;;;;;
217;(268, 228);(267, 227);1.414213562;;;;;;
218;(268, 227);(268, 227);0;;;;;;
219;(268, 226);(268, 226);0;;;;;;
220;(269, 226);(268, 225);1.414213562;;;;;;
221;(270, 226);(268, 225);2.236067977;;;;;;
222;(270, 226);(269, 224);2.236067977;;;;;;
223;(270, 225);(269, 224);1.414213562;;;;;;
224;(271, 224);(269, 224);2;;;;;;
225;(272, 224);(270, 223);2.236067977;;;;;;
226;(272, 223);(270, 222);2.236067977;;;;;;
227;(272, 223);(271, 222);1.414213562;;;;;;
228;(272, 222);(271, 221);1.414213562;;;;;;
229;(274, 221);(274, 219);2;;;;;;
230;(276, 219);(276, 218);1;;;;;;
231;(278, 218);(277, 217);1.414213562;;;;;;
232;(278, 218);(277, 217);1.414213562;;;;;;
233;(278, 217);(278, 217);0;;;;;;
234;(279, 217);(278, 216);1.414213562;;;;;;
235;(280, 216);(279, 215);1.414213562;;;;;;
236;(280, 216);(279, 215);1.414213562;;;;;;
237;(281, 216);(279, 214);2.828427125;;;;;;
238;(281, 215);(280, 214);1.414213562;;;;;;
239;(281, 214);(281, 213);1;;;;;;
240;(282, 214);(281, 213);1.414213562;;;;;;
241;(282, 214);(281, 213);1.414213562;;;;;;
242;(282, 213);(282, 212);1;;;;;;
243;(283, 213);(283, 212);1;;;;;;
244;(284, 212);(283, 212);1;;;;;;
245;(285, 212);(285, 211);1;;;;;;
246;(286, 212);(285, 211);1.414213562;;;;;;
247;(287, 211);(286, 210);1.414213562;;;;;;
248;(288, 211);(287, 210);1.414213562;;;;;;
249;(288, 211);(288, 210);1;;;;;;
250;(289, 210);(289, 209);1;;;;;;
251;(290, 210);(290, 208);2;;;;;;
252;(290, 210);None;None;;;;;;
253;(291, 209);(291, 208);1;;;;;;
254;(292, 209);(292, 207);2;;;;;;
255;(292, 209);(293, 207);2.236067977;;;;;;
256;(293, 209);None;None;;;;;;
257;(294, 208);(294, 206);2;;;;;;
258;(294, 208);(294, 206);2;;;;;;
259;(295, 208);(295, 206);2;;;;;;
260;(295, 208);(295, 206);2;;;;;;
261;(296, 208);(296, 206);2;;;;;;
262;(296, 208);(296, 206);2;;;;;;q
263;(297, 208);(297, 206);2;;;;;;
264;(298, 208);(298, 206);2;;;;;;
265;(298, 209);(298, 206);3;;;;;;
266;(298, 209);(299, 206);3.16227766;;;;;;
267;(298, 209);(299, 207);2.236067977;;;;;;
268;(299, 209);(300, 207);2.236067977;;;;;;
269;(300, 209);(301, 207);2.236067977;;;;;;
270;(301, 210);None;None;;;;;;
271;(302, 209);(303, 208);1.414213562;;;;;;
272;(303, 209);(303, 208);1;;;;;;
273;(304, 209);(305, 207);2.236067977;;;;;;
274;(306, 209);(306, 208);1;;;;;;
275;(307, 210);(308, 208);2.236067977;;;;;;
276;(309, 210);(309, 208);2;;;;;;
277;(310, 210);(310, 208);2;;;;;;
278;(311, 210);(311, 208);2;;;;;;
279;(312, 210);(312, 208);2;;;;;;
280;(313, 210);(313, 208);2;;;;;;
281;(314, 210);(314, 208);2;;;;;;
282;(315, 210);(316, 208);2.236067977;;;;;;
283;(316, 210);(317, 208);2.236067977;;;;;;
284;(318, 210);(318, 208);2;;;;;;
285;(319, 210);(319, 208);2;;;;;;
286;(320, 210);(320, 208);2;;;;;;
287;(321, 210);(321, 208);2;;;;;;
288;(322, 210);(322, 209);1;;;;;;
289;(323, 210);(323, 209);1;;;;;;
290;(324, 210);(325, 209);1.414213562;;;;;;
291;(326, 210);(325, 209);1.414213562;;;;;;
292;(327, 211);(326, 209);2.236067977;;;;;;
293;(328, 211);(328, 209);2;;;;;;
294;(330, 212);(329, 210);2.236067977;;;;;;
295;(330, 212);(330, 210);2;;;;;;
296;(331, 212);(331, 210);2;;;;;;
297;(332, 212);(332, 210);2;;;;;;
298;(332, 212);(332, 210);2;;;;;;
299;(333, 212);(333, 210);2;;;;;;
300;(334, 212);(334, 211);1;;;;;;
301;(334, 212);(335, 211);1.414213562;;;;;;
302;(335, 212);(335, 211);1;;;;;;
303;(336, 212);(336, 211);1;;;;;;
304;(337, 212);(337, 211);1;;;;;;
305;(338, 212);(338, 211);1;;;;;;
306;(338, 212);(339, 211);1.414213562;;;;;;
307;(339, 213);(340, 212);1.414213562;;;;;;
308;(340, 213);(340, 212);1;;;;;;
309;(341, 213);(341, 212);1;;;;;;
310;(342, 213);(342, 212);1;;;;;;
311;(342, 214);(343, 212);2.236067977;;;;;;
312;(343, 214);(343, 213);1;;;;;;
313;(344, 214);(344, 213);1;;;;;;
314;(345, 214);(345, 213);1;;;;;;
315;(346, 214);(346, 213);1;;;;;;
316;(347, 215);(347, 214);1;;;;;;
317;(348, 215);(348, 214);1;;;;;;
318;(349, 215);(349, 214);1;;;;;;
319;(350, 216);(350, 214);2;;;;;;
320;(350, 216);(351, 214);2.236067977;;;;;;
321;(351, 216);(352, 215);1.414213562;;;;;;
322;(352, 217);(353, 215);2.236067977;;;;;;
323;(353, 217);(354, 215);2.236067977;;;;;;
324;(354, 217);(355, 215);2.236067977;;;;;;
325;(355, 218);(355, 216);2;;;;;;
326;(356, 218);(357, 217);1.414213562;;;;;;
327;(358, 218);(358, 217);1;;;;;;
328;(358, 219);(359, 217);2.236067977;;;;;;
329;(359, 219);(360, 218);1.414213562;;;;;;
330;(360, 219);(361, 218);1.414213562;;;;;;
331;(361, 219);(361, 218);1;;;;;;
332;(362, 220);(362, 218);2;;;;;;
333;(362, 220);(363, 219);1.414213562;;;;;;
334;(363, 220);(364, 219);1.414213562;;;;;;
335;(364, 221);(365, 220);1.414213562;;;;;;
336;(364, 221);(365, 220);1.414213562;;;;;;
337;(365, 221);(366, 220);1.414213562;;;;;;
338;(366, 221);(367, 220);1.414213562;;;;;;
339;(367, 221);(368, 220);1.414213562;;;;;;
340;(370, 222);(369, 220);2.236067977;;;;;;
341;(372, 223);(370, 221);2.828427125;;;;;;
342;(374, 224);(375, 223);1.414213562;;;;;;
343;(376, 225);(379, 225);3;;;;;;
344;(378, 226);(380, 225);2.236067977;;;;;;
345;(380, 227);(380, 226);1;;;;;;
346;(381, 227);(382, 226);1.414213562;;;;;;
347;(382, 228);(383, 227);1.414213562;;;;;;
348;(384, 228);(384, 227);1;;;;;;
349;(384, 228);(385, 227);1.414213562;;;;;;
350;(386, 229);(386, 228);1;;;;;;
351;(386, 230);(387, 228);2.236067977;;;;;;
352;(387, 230);(388, 228);2.236067977;;;;;;
353;(388, 230);(389, 229);1.414213562;;;;;;
354;(389, 230);(390, 229);1.414213562;;;;;;
355;(390, 231);(391, 229);2.236067977;;;;;;
356;(391, 231);(392, 229);2.236067977;;;;;;
357;(392, 231);(393, 230);1.414213562;;;;;;
358;(396, 233);(394, 230);3.605551275;;;;;;
359;(398, 235);(396, 231);4.472135955;;;;;;
360;(402, 237);(402, 236);1;;;;;;
361;(402, 237);(402, 236);1;;;;;;
362;(403, 237);(403, 236);1;;;;;;
363;(404, 238);(404, 237);1;;;;;;
364;(404, 238);(405, 237);1.414213562;;;;;;
365;(405, 238);(405, 237);1;;;;;;
366;(406, 238);(406, 237);1;;;;;;
367;(407, 239);(407, 238);1;;;;;;
368;(407, 240);(407, 238);2;;;;;;
369;(408, 240);(408, 239);1;;;;;;
370;(409, 240);(409, 239);1;;;;;;
371;(410, 240);(410, 239);1;;;;;;
372;(410, 240);(410, 239);1;;;;;;
373;(411, 241);(411, 240);1;;;;;;
374;(411, 241);(411, 240);1;;;;;;
375;(412, 242);(412, 240);2;;;;;;
376;(412, 242);(413, 240);2.236067977;;;;;;
377;(413, 242);(413, 240);2;;;;;;
378;(414, 242);(414, 241);1;;;;;;
379;(414, 242);(414, 241);1;;;;;;
380;(415, 242);(415, 241);1;;;;;;
381;(416, 242);(415, 242);1;;;;;;
382;(416, 243);(416, 242);1;;;;;;
383;(417, 243);(417, 242);1;;;;;;
384;(418, 244);(417, 242);2.236067977;;;;;;
385;(418, 244);(418, 243);1;;;;;;
386;(419, 244);(419, 243);1;;;;;;
387;(420, 244);(419, 243);1.414213562;;;;;;
388;(420, 245);(420, 244);1;;;;;;
389;(420, 245);(420, 244);1;;;;;;
390;(420, 246);(421, 244);2.236067977;;;;;;
391;(421, 246);(421, 245);1;;;;;;
392;(422, 246);(422, 245);1;;;;;;
393;(422, 246);(422, 246);0;;;;;;
394;(422, 247);(422, 246);1;;;;;;
395;(423, 248);(423, 246);2;;;;;;
396;(424, 248);(424, 247);1;;;;;;
397;(425, 249);(427, 249);2;;;;;;
398;(427, 250);(429, 251);2.236067977;;;;;;
399;(428, 252);(429, 251);1.414213562;;;;;;
400;(429, 252);(429, 251);1;;;;;;
401;(429, 252);(429, 251);1;;;;;;
402;(430, 252);(429, 251);1.414213562;;;;;;
403;(430, 252);(430, 251);1;;;;;;
404;(430, 252);(430, 251);1;;;;;;
405;(430, 252);(430, 251);1;;;;;;
406;(430, 252);(430, 251);1;;;;;;
407;(430, 252);(431, 251);1.414213562;;;;;;
408;(430, 252);(431, 251);1.414213562;;;;;;
409;(431, 252);(431, 251);1;;;;;;
410;(431, 252);(431, 251);1;;;;;;
411;(432, 252);(431, 251);1.414213562;;;;;;
412;(432, 252);(432, 251);1;;;;;;
413;(432, 252);(431, 251);1.414213562;;;;;;
414;(432, 252);(431, 251);1.414213562;;;;;;
415;(432, 252);(431, 251);1.414213562;;;;;;
416;(432, 253);(432, 251);2;;;;;;
417;(432, 253);(432, 252);1;;;;;;
418;(432, 253);(432, 252);1;;;;;;
419;(432, 253);(431, 252);1.414213562;;;;;;
420;(432, 254);(431, 252);2.236067977;;;;;;
421;(431, 254);(431, 252);2;;;;;;
422;(431, 254);(431, 252);2;;;;;;
423;(431, 254);(431, 252);2;;;;;;
424;(430, 254);(431, 252);2.236067977;;;;;;
425;(430, 254);(430, 252);2;;;;;;
426;(430, 254);(430, 252);2;;;;;;
427;(429, 253);(430, 252);1.414213562;;;;;;
428;(429, 253);(429, 252);1;;;;;;
429;(428, 252);(429, 252);1;;;;;;
430;(428, 252);(429, 252);1;;;;;;
431;(428, 252);(428, 251);1;;;;;;
432;(428, 252);(428, 251);1;;;;;;
433;(427, 252);(427, 251);1;;;;;;
434;(426, 252);(427, 251);1.414213562;;;;;;
435;(426, 252);(427, 251);1.414213562;;;;;;
436;(426, 252);(426, 251);1;;;;;;
437;(425, 252);(426, 250);2.236067977;;;;;;
438;(425, 252);(426, 250);2.236067977;;;;;;
439;(425, 252);(426, 251);1.414213562;;;;;;
440;(425, 252);(425, 250);2;;;;;;
441;(425, 252);(425, 250);2;;;;;;
442;(425, 252);(425, 251);1;;;;;;
443;(425, 252);(425, 251);1;;;;;;
444;(424, 252);(424, 252);0;;;;;;
445;(424, 252);(424, 252);0;;;;;;
446;(424, 253);(424, 253);0;;;;;;
447;(424, 254);(425, 253);1.414213562;;;;;;
448;(426, 257);(427, 256);1.414213562;;;;;;
449;(428, 260);(430, 261);2.236067977;;;;;;
450;(430, 263);(430, 263);0;;;;;;
451;(429, 264);(429, 263);1;;;;;;
452;(429, 264);(429, 263);1;;;;;;
453;(428, 265);(428, 263);2;;;;;;
454;(428, 265);(429, 264);1.414213562;;;;;;
455;(428, 265);(428, 264);1;;;;;;
456;(428, 265);(428, 264);1;;;;;;
457;(428, 265);(428, 265);0;;;;;;
458;(428, 265);(428, 265);0;;;;;;
459;(428, 266);(428, 266);0;;;;;;
460;(428, 266);(428, 265);1;;;;;;
461;(428, 266);(428, 266);0;;;;;;
462;(428, 266);(428, 266);0;;;;;;
463;(427, 266);(428, 266);1;;;;;;
464;(427, 266);(427, 266);0;;;;;;
465;(427, 267);(427, 267);0;;;;;;
466;(427, 267);(427, 267);0;;;;;;
467;(427, 268);(427, 267);1;;;;;;
468;(428, 268);(427, 267);1.414213562;;;;;;
469;(428, 269);(427, 268);1.414213562;;;;;;
470;(428, 269);(427, 268);1.414213562;;;;;;
471;(428, 270);(427, 269);1.414213562;;;;;;
472;(428, 270);(427, 269);1.414213562;;;;;;
473;(427, 271);(427, 270);1;;;;;;
474;(426, 272);(427, 270);2.236067977;;;;;;
475;(427, 272);(427, 271);1;;;;;;
476;(427, 272);(427, 271);1;;;;;;
477;(427, 273);(427, 272);1;;;;;;
478;(427, 273);(427, 273);0;;;;;;
479;(427, 274);(427, 273);1;;;;;;
480;(426, 274);(427, 273);1.414213562;;;;;;
481;(426, 275);(426, 274);1;;;;;;
482;(426, 275);(426, 275);0;;;;;;
483;(426, 276);(426, 275);1;;;;;;
484;(426, 277);(426, 276);1;;;;;;
485;(426, 277);(426, 276);1;;;;;;
486;(426, 278);(425, 278);1;;;;;;
487;(427, 280);(425, 278);2.828427125;;;;;;
488;(428, 282);(427, 281);1.414213562;;;;;;
489;(429, 284);(428, 283);1.414213562;;;;;;
490;(428, 284);(428, 284);0;;;;;;
491;(428, 284);(428, 284);0;;;;;;
492;(428, 285);(427, 284);1.414213562;;;;;;
493;(427, 285);(427, 284);1;;;;;;
494;(427, 285);(427, 285);0;;;;;;
495;(427, 286);(427, 285);1;;;;;;
496;(427, 286);(427, 285);1;;;;;;
497;(427, 286);(427, 285);1;;;;;;
498;(427, 286);(426, 286);1;;;;;;
499;(427, 287);(426, 286);1.414213562;;;;;;
500;(426, 287);(426, 286);1;;;;;;
501;(426, 287);(426, 286);1;;;;;;
502;(426, 287);(425, 286);1.414213562;;;;;;
503;(426, 288);(425, 286);2.236067977;;;;;;
504;(426, 288);(425, 287);1.414213562;;;;;;
505;(426, 288);(425, 287);1.414213562;;;;;;
506;(425, 288);(425, 287);1;;;;;;
507;(425, 288);(424, 287);1.414213562;;;;;;
508;(423, 286);(424, 287);1.414213562;;;;;;
509;(420, 284);(421, 285);1.414213562;;;;;;
510;(418, 282);(418, 282);0;;;;;;
511;(418, 282);(417, 281);1.414213562;;;;;;
512;(417, 281);(417, 281);0;;;;;;
513;(417, 280);(417, 280);0;;;;;;
514;(417, 280);(416, 280);1;;;;;;
515;(416, 280);(416, 280);0;;;;;;
516;(416, 280);(415, 279);1.414213562;;;;;;
517;(415, 280);(415, 279);1;;;;;;
518;(414, 279);(414, 278);1;;;;;;
519;(414, 278);(413, 278);1;;;;;;
520;(413, 278);(413, 277);1;;;;;;
521;(412, 278);(412, 277);1;;;;;;
522;(412, 278);(412, 277);1;;;;;;
523;(411, 277);(411, 276);1;;;;;;
524;(411, 277);(410, 276);1.414213562;;;;;;
525;(410, 276);(410, 276);0;;;;;;
526;(410, 276);(409, 276);1;;;;;;
527;(409, 275);(409, 275);0;;;;;;
528;(408, 274);(408, 274);0;;;;;;
529;(408, 274);(407, 274);1;;;;;;
530;(407, 274);(407, 274);0;;;;;;
531;(406, 274);(406, 274);0;;;;;;
532;(406, 274);(406, 273);1;;;;;;
533;(405, 273);(405, 273);0;;;;;;
534;(404, 273);(405, 273);1;;;;;;
535;(404, 273);(404, 273);0;;;;;;
536;(403, 272);(403, 272);0;;;;;;
537;(402, 272);(403, 272);1;;;;;;
538;(402, 272);(402, 272);0;;;;;;
539;(401, 271);(401, 271);0;;;;;;
540;(400, 271);(400, 271);0;;;;;;
541;(399, 270);(400, 271);1.414213562;;;;;;
542;(398, 270);(399, 270);1;;;;;;
543;(397, 270);(398, 270);1;;;;;;
544;(396, 269);(397, 269);1;;;;;;
545;(395, 268);(396, 269);1.414213562;;;;;;
546;(394, 268);(395, 269);1.414213562;;;;;;
547;(394, 268);(393, 267);1.414213562;;;;;;
548;(393, 267);(394, 267);1;;;;;;
549;(392, 267);(391, 266);1.414213562;;;;;;
550;(391, 266);(391, 266);0;;;;;;
551;(390, 266);(390, 266);0;;;;;;
552;(389, 265);(388, 265);1;;;;;;
553;(388, 264);(387, 264);1;;;;;;
554;(387, 264);(386, 264);1;;;;;;
555;(386, 264);(385, 264);1;;;;;;
556;(385, 264);(384, 263);1.414213562;;;;;;
557;(384, 264);(383, 263);1.414213562;;;;;;
558;(383, 264);(383, 263);1;;;;;;
559;(383, 264);(384, 264);1;;;;;;
560;(383, 264);(384, 264);1;;;;;;
561;(384, 264);(383, 263);1.414213562;;;;;;
562;(382, 264);(382, 263);1;;;;;;
563;(381, 263);(381, 263);0;;;;;;
564;(380, 263);(379, 262);1.414213562;;;;;;
565;(378, 262);(378, 262);0;;;;;;
566;(377, 262);(376, 261);1.414213562;;;;;;
567;(375, 262);(375, 261);1;;;;;;
568;(374, 261);(374, 261);0;;;;;;
569;(372, 260);(372, 260);0;;;;;;
570;(371, 260);(372, 259);1.414213562;;;;;;
571;(370, 259);(370, 259);0;;;;;;
572;(369, 259);(369, 258);1;;;;;;
573;(368, 258);(367, 258);1;;;;;;
574;(366, 258);(366, 257);1;;;;;;
575;(364, 257);(364, 257);0;;;;;;
576;(363, 257);(362, 256);1.414213562;;;;;;
577;(361, 256);(360, 255);1.414213562;;;;;;
578;(359, 255);(358, 254);1.414213562;;;;;;
579;(358, 254);(357, 254);1;;;;;;
580;(356, 254);(355, 253);1.414213562;;;;;;
581;(354, 254);(354, 253);1;;;;;;
582;(353, 253);(352, 253);1;;;;;;
583;(352, 253);(351, 252);1.414213562;;;;;;
584;(351, 252);(350, 252);1;;;;;;
585;(350, 252);(349, 251);1.414213562;;;;;;
586;(348, 252);(347, 251);1.414213562;;;;;;
587;(347, 251);(346, 250);1.414213562;;;;;;
588;(346, 250);(345, 250);1;;;;;;
589;(344, 250);(344, 250);0;;;;;;
590;(343, 250);(343, 249);1;;;;;;
591;(342, 250);(342, 249);1;;;;;;
592;(341, 249);(341, 248);1;;;;;;
593;(340, 249);(340, 248);1;;;;;;
594;(339, 248);(338, 248);1;;;;;;
595;(338, 248);(337, 248);1;;;;;;
596;(336, 248);(335, 247);1.414213562;;;;;;
597;(335, 248);(335, 247);1;;;;;;
598;(334, 248);(334, 247);1;;;;;;
599;(333, 247);(333, 247);0;;;;;;
600;(332, 247);(332, 247);0;;;;;;
601;(329, 247);(330, 247);1;;;;;;
602;(326, 247);(328, 246);2.236067977;;;;;;
603;(324, 246);(324, 246);0;;;;;;
604;(321, 246);(318, 246);3;;;;;;
605;(318, 246);(316, 246);2;;;;;;
606;(315, 246);(315, 246);0;;;;;;
607;(314, 246);(314, 245);1;;;;;;
608;(313, 246);(312, 245);1.414213562;;;;;;
609;(312, 246);(311, 245);1.414213562;;;;;;
610;(310, 246);(310, 245);1;;;;;;
611;(309, 246);(309, 245);1;;;;;;
612;(308, 246);(307, 245);1.414213562;;;;;;
613;(307, 245);(306, 244);1.414213562;;;;;;
614;(305, 245);(305, 244);1;;;;;;
615;(304, 244);(304, 244);0;;;;;;
616;(303, 244);(303, 244);0;;;;;;
617;(302, 244);(301, 244);1;;;;;;
618;(300, 243);(300, 243);0;;;;;;
619;(299, 243);(299, 242);1;;;;;;
620;(298, 243);(298, 242);1;;;;;;
621;(297, 242);(297, 242);0;;;;;;
622;(296, 242);(296, 242);0;;;;;;
623;(295, 242);(294, 241);1.414213562;;;;;;
624;(294, 242);(293, 241);1.414213562;;;;;;
625;(292, 242);(292, 241);1;;;;;;
626;(291, 241);(291, 240);1;;;;;;
627;(290, 241);(290, 240);1;;;;;;
628;(288, 241);(289, 240);1.414213562;;;;;;
629;(288, 241);(287, 240);1.414213562;;;;;;
630;(286, 240);(286, 240);0;;;;;;
631;(285, 240);(285, 240);0;;;;;;
632;(284, 240);(284, 240);0;;;;;;
633;(282, 240);(283, 240);1;;;;;;
634;(282, 240);(280, 239);2.236067977;;;;;;
635;(281, 240);(279, 239);2.236067977;;;;;;
636;(280, 240);(278, 239);2.236067977;;;;;;
637;(279, 240);(277, 239);2.236067977;;;;;;
638;(278, 240);(276, 239);2.236067977;;;;;;
639;(276, 240);(275, 239);1.414213562;;;;;;
640;(276, 240);(274, 239);2.236067977;;;;;;
641;(274, 240);(273, 239);1.414213562;;;;;;
642;(274, 240);(272, 239);2.236067977;;;;;;
643;(270, 240);(269, 239);1.414213562;;;;;;
644;(266, 240);(265, 239);1.414213562;;;;;;
645;(262, 240);(262, 240);0;;;;;;
646;(262, 240);(261, 240);1;;;;;;
647;(261, 240);(260, 241);1.414213562;;;;;;
648;(260, 240);(259, 240);1;;;;;;
649;(259, 240);(258, 240);1;;;;;;
650;(258, 240);(258, 240);0;;;;;;
651;(258, 240);(257, 240);1;;;;;;
652;(257, 240);(256, 240);1;;;;;;
653;(256, 240);(255, 240);1;;;;;;
654;(256, 240);(255, 239);1.414213562;;;;;;
655;(255, 240);(254, 239);1.414213562;;;;;;
656;(254, 240);(253, 239);1.414213562;;;;;;
657;(254, 240);(253, 239);1.414213562;;;;;;
658;(253, 240);(252, 239);1.414213562;;;;;;
659;(253, 240);(252, 239);1.414213562;;;;;;
660;(252, 240);(251, 239);1.414213562;;;;;;
661;(251, 240);(250, 239);1.414213562;;;;;;
662;(250, 240);(248, 239);2.236067977;;;;;;
663;(250, 240);(249, 239);1.414213562;;;;;;
664;(249, 240);(248, 239);1.414213562;;;;;;
665;(248, 240);(247, 239);1.414213562;;;;;;
666;(247, 240);(246, 239);1.414213562;;;;;;
667;(246, 240);(246, 239);1;;;;;;
668;(246, 240);(245, 239);1.414213562;;;;;;
669;(245, 240);(244, 239);1.414213562;;;;;;
670;(244, 240);(244, 239);1;;;;;;
671;(244, 240);(242, 239);2.236067977;;;;;;
672;(243, 240);(242, 240);1;;;;;;
673;(242, 241);(242, 240);1;;;;;;
674;(242, 241);(241, 240);1.414213562;;;;;;
675;(241, 241);(241, 240);1;;;;;;
676;(241, 241);(240, 241);1;;;;;;
677;(241, 241);(239, 241);2;;;;;;
678;(240, 242);(239, 241);1.414213562;;;;;;
679;(240, 242);(238, 241);2.236067977;;;;;;
680;(239, 242);(237, 241);2.236067977;;;;;;
681;(238, 242);(238, 241);1;;;;;;
682;(238, 242);(236, 241);2.236067977;;;;;;
683;(237, 242);(235, 241);2.236067977;;;;;;
684;(236, 242);None;None;;;;;;
685;(236, 242);(235, 242);1;;;;;;
686;(235, 242);(235, 242);0;;;;;;
687;(234, 242);(234, 243);1;;;;;;
688;(234, 243);(233, 242);1.414213562;;;;;;
689;(234, 243);(234, 242);1;;;;;;
690;(234, 243);(233, 242);1.414213562;;;;;;
691;(234, 243);(233, 242);1.414213562;;;;;;
692;(233, 243);(233, 244);1;;;;;;
693;(232, 244);(232, 243);1;;;;;;
694;(232, 244);(232, 243);1;;;;;;
695;(232, 244);(231, 243);1.414213562;;;;;;
696;(232, 244);(231, 243);1.414213562;;;;;;
697;(232, 244);None;None;;;;;;
698;(232, 244);(232, 243);1;;;;;;
699;(232, 244);(232, 243);1;;;;;;
700;(232, 244);(232, 243);1;;;;;;
701;(232, 244);(232, 244);0;;;;;;
702;(232, 244);(232, 244);0;;;;;;
703;(233, 244);(233, 245);1;;;;;;
704;(233, 244);None;None;;;;;;
705;(234, 244);(233, 245);1.414213562;;;;;;
706;(234, 244);(233, 244);1;;;;;;
707;(234, 244);(233, 245);1.414213562;;;;;;
708;(234, 244);(233, 245);1.414213562;;;;;;
709;(234, 245);(233, 245);1;;;;;;
710;(234, 246);(233, 245);1.414213562;;;;;;
711;(234, 246);(234, 246);0;;;;;;
712;(234, 246);None;None;;;;;;
713;(234, 246);None;None;;;;;;
714;(234, 246);(234, 246);0;;;;;;
715;(235, 247);(235, 248);1;;;;;;
716;(235, 248);(235, 248);0;;;;;;
717;(235, 248);(234, 248);1;;;;;;
718;(235, 249);None;None;;;;;;
719;(235, 249);(235, 249);0;;;;;;
720;(236, 250);(235, 250);1;;;;;;
721;(236, 250);(236, 250);0;;;;;;
722;(236, 251);(236, 251);0;;;;;;
723;(236, 252);(236, 251);1;;;;;;
724;(236, 256);(236, 258);2;;;;;;
725;(236, 260);(237, 263);3.16227766;;;;;;
726;(236, 264);(236, 264);0;;;;;;
727;(236, 266);None;None;;;;;;
728;(236, 267);(236, 267);0;;;;;;
729;(236, 268);(236, 269);1;;;;;;
730;(237, 268);(237, 269);1;;;;;;
731;(237, 269);None;None;;;;;;
732;(238, 269);(237, 270);1.414213562;;;;;;
733;(238, 270);(238, 271);1;;;;;;
734;(238, 271);(238, 272);1;;;;;;
735;(238, 272);None;None;;;;;;
736;(238, 273);None;None;;;;;;
737;(238, 273);None;None;;;;;;
738;(238, 274);None;None;;;;;;
739;(239, 274);None;None;;;;;;
740;(239, 275);None;None;;;;;;
741;(240, 276);None;None;;;;;;
742;(239, 276);None;None;;;;;;
743;(239, 277);(238, 277);1;;;;;;
744;(239, 278);None;None;;;;;;
745;(239, 278);None;None;;;;;;
746;(239, 278);(238, 279);1.414213562;;;;;;
747;(238, 278);None;None;;;;;;
748;(238, 279);(237, 279);1;;;;;;
749;(238, 280);None;None;;;;;;
750;(238, 280);None;None;;;;;;
751;(238, 281);None;None;;;;;;
752;(238, 282);(238, 282);0;;;;;;
753;(238, 282);(238, 282);0;;;;;;
754;(239, 282);(238, 282);1;;;;;;
755;(239, 283);(238, 283);1;;;;;;
756;(239, 284);(238, 283);1.414213562;;;;;;
757;(239, 284);(238, 284);1;;;;;;
758;(239, 284);(238, 284);1;;;;;;
759;(239, 284);(238, 284);1;;;;;;
760;(239, 284);(238, 284);1;;;;;;
761;(239, 284);None;None;;;;;;
762;(238, 284);(238, 284);0;;;;;;
763;(239, 284);(238, 285);1.414213562;;;;;;
764;(239, 284);(238, 285);1.414213562;;;;;;
765;(240, 284);(238, 284);2;;;;;;
766;(240, 284);None;None;;;;;;
767;(240, 284);(239, 285);1.414213562;;;;;;
768;(240, 284);(239, 284);1;;;;;;
769;(240, 284);(239, 284);1;;;;;;
770;(240, 284);(240, 284);0;;;;;;
771;(241, 284);(240, 284);1;;;;;;
772;(242, 283);(240, 283);2;;;;;;
773;(242, 283);None;None;;;;;;
774;(242, 282);(241, 283);1.414213562;;;;;;
775;(243, 282);(242, 282);1;;;;;;
776;(244, 282);None;None;;;;;;
777;(244, 282);(243, 282);1;;;;;;
778;(245, 282);None;None;;;;;;
779;(246, 282);(245, 281);1.414213562;;;;;;
780;(246, 282);(246, 281);1;;;;;;
781;(248, 281);(246, 281);2;;;;;;
782;(249, 281);(247, 281);2;;;;;;
783;(250, 281);(249, 280);1.414213562;;;;;;
784;(250, 281);(250, 280);1;;;;;;
785;(251, 280);(251, 280);0;;;;;;
786;(252, 280);(251, 280);1;;;;;;
787;(252, 280);(252, 279);1;;;;;;
788;(254, 280);None;None;;;;;;
789;(254, 280);(253, 279);1.414213562;;;;;;
790;(255, 279);(254, 279);1;;;;;;
791;(256, 279);(254, 280);2.236067977;;;;;;
792;(257, 279);(256, 280);1.414213562;;;;;;
793;(258, 280);(255, 280);3;;;;;;
794;(258, 280);None;None;;;;;;
795;(259, 280);(257, 280);2;;;;;;
796;(260, 280);(258, 281);2.236067977;;;;;;
797;(261, 280);(260, 280);1;;;;;;
798;(262, 280);(260, 279);2.236067977;;;;;;
799;(262, 280);None;None;;;;;;
800;(264, 280);None;None;;;;;;
801;(264, 280);(262, 281);2.236067977;;;;;;
802;(266, 280);(263, 281);3.16227766;;;;;;
803;(266, 280);None;None;;;;;;
804;(268, 280);None;None;;;;;;
805;(268, 280);(267, 280);1;;;;;;
806;(270, 280);None;None;;;;;;
807;(270, 280);None;None;;;;;;
808;(271, 280);None;None;;;;;;
809;(272, 280);None;None;;;;;;
810;(273, 280);None;None;;;;;;
811;(274, 280);None;None;;;;;;
812;(276, 280);(276, 279);1;;;;;;
813;(278, 280);(277, 279);1.414213562;;;;;;
814;(279, 280);(278, 279);1.414213562;;;;;;
815;(281, 281);(280, 280);1.414213562;;;;;;
816;(282, 281);(282, 280);1;;;;;;
817;(284, 281);(283, 280);1.414213562;;;;;;
818;(285, 281);(285, 280);1;;;;;;
819;(286, 280);(286, 280);0;;;;;;
820;(288, 281);(287, 280);1.414213562;;;;;;
821;(289, 281);(289, 280);1;;;;;;
822;(290, 282);(290, 281);1;;;;;;
823;(291, 282);(291, 281);1;;;;;;
824;(293, 282);(292, 281);1.414213562;;;;;;
825;(294, 282);(294, 281);1;;;;;;
826;(295, 282);(295, 281);1;;;;;;
827;(297, 282);(296, 282);1;;;;;;
828;(298, 282);(297, 282);1;;;;;;
829;(300, 283);(299, 282);1.414213562;;;;;;
830;(301, 283);(300, 282);1.414213562;;;;;;
831;(303, 284);(303, 283);1;;;;;;
832;(306, 285);(309, 285);3;;;;;;
833;(310, 286);(313, 288);3.605551275;;;;;;
834;(314, 288);None;None;;;;;;
835;(316, 288);None;None;;;;;;
836;(318, 288);None;None;;;;;;
837;(320, 289);None;None;;;;;;
838;(321, 289);None;None;;;;;;
839;(322, 289);(323, 289);1;;;;;;
840;(323, 288);None;None;;;;;;
841;(325, 289);(326, 289);1;;;;;;
842;(327, 289);None;None;;;;;;
843;(328, 290);(330, 290);2;;;;;;
844;(330, 290);(331, 290);1;;;;;;
845;(332, 290);(332, 291);1;;;;;;
846;(333, 290);(334, 290);1;;;;;;
847;(334, 291);(335, 291);1;;;;;;
848;(336, 291);None;None;;;;;;
849;(337, 291);(338, 291);1;;;;;;
850;(338, 291);(339, 292);1.414213562;;;;;;
851;(340, 292);(340, 292);0;;;;;;
852;(342, 292);(342, 292);0;;;;;;
853;(343, 292);(343, 292);0;;;;;;
854;(345, 293);(344, 293);1;;;;;;
855;(346, 294);(347, 293);1.414213562;;;;;;
856;(350, 295);(353, 296);3.16227766;;;;;;
857;(353, 296);(356, 297);3.16227766;;;;;;
858;(356, 298);(357, 297);1.414213562;;;;;;
859;(358, 298);(359, 299);1.414213562;;;;;;
860;(360, 299);(360, 299);0;;;;;;
861;(362, 300);(361, 299);1.414213562;;;;;;
862;(362, 300);(362, 300);0;;;;;;
863;(364, 300);(364, 300);0;;;;;;
864;(364, 300);(364, 300);0;;;;;;
865;(365, 300);(365, 300);0;;;;;;
866;(366, 301);(367, 301);1;;;;;;
867;(367, 301);(367, 302);1;;;;;;
868;(368, 301);(368, 302);1;;;;;;
869;(369, 302);(369, 302);0;;;;;;
870;(370, 302);(370, 302);0;;;;;;
871;(371, 302);(371, 303);1;;;;;;
872;(372, 303);(372, 303);0;;;;;;
873;(373, 304);(373, 303);1;;;;;;
874;(375, 305);(374, 303);2.236067977;;;;;;
875;(377, 306);(375, 304);2.828427125;;;;;;
876;(380, 308);(379, 307);1.414213562;;;;;;
877;(381, 309);(382, 310);1.414213562;;;;;;
878;(382, 310);(383, 310);1;;;;;;
879;(384, 311);(384, 311);0;;;;;;
880;(384, 312);(384, 311);1;;;;;;
881;(385, 312);(385, 312);0;;;;;;
882;(386, 312);(386, 312);0;;;;;;
883;(386, 313);(386, 312);1;;;;;;
884;(387, 313);(387, 312);1;;;;;;
885;(388, 313);(387, 313);1;;;;;;
886;(388, 314);(388, 313);1;;;;;;
887;(388, 314);(388, 313);1;;;;;;
888;(389, 314);(389, 315);1;;;;;;
889;(390, 315);(390, 315);0;;;;;;
890;(390, 315);(390, 315);0;;;;;;
891;(391, 315);(391, 316);1;;;;;;
892;(391, 315);(391, 316);1;;;;;;
893;(392, 316);(392, 316);0;;;;;;
894;(392, 316);(392, 317);1;;;;;;
895;(393, 316);(393, 317);1;;;;;;
896;(393, 317);(394, 317);1;;;;;;
897;(394, 318);(394, 318);0;;;;;;
898;(396, 318);(394, 318);2;;;;;;
899;(397, 318);(395, 318);2;;;;;;
900;(398, 318);(398, 319);1;;;;;;
901;(400, 319);(403, 320);3.16227766;;;;;;
902;(402, 320);(404, 320);2;;;;;;
903;(404, 320);(404, 320);0;;;;;;
904;(405, 320);(405, 320);0;;;;;;
905;(406, 320);(406, 320);0;;;;;;
906;(406, 320);(406, 320);0;;;;;;
907;(407, 320);(406, 320);1;;;;;;
908;(408, 320);(407, 320);1;;;;;;
909;(408, 320);(407, 320);1;;;;;;
910;(408, 320);(408, 319);1;;;;;;
911;(408, 320);(408, 319);1;;;;;;
912;(408, 320);(408, 319);1;;;;;;
913;(409, 319);(409, 319);0;;;;;;
914;(409, 319);(409, 319);0;;;;;;
915;(410, 319);(409, 319);1;;;;;;
916;(410, 320);(409, 319);1.414213562;;;;;;
917;(410, 320);(409, 320);1;;;;;;
918;(410, 320);(410, 320);0;;;;;;
919;(410, 321);(410, 320);1;;;;;;
920;(410, 321);(410, 321);0;;;;;;
921;(410, 321);(410, 321);0;;;;;;
922;(410, 321);(410, 321);0;;;;;;
923;(410, 322);(410, 321);1;;;;;;
924;(410, 322);(410, 321);1;;;;;;
925;(410, 322);(410, 322);0;;;;;;
926;(410, 323);(410, 322);1;;;;;;
927;(410, 323);(410, 322);1;;;;;;
928;(410, 323);(410, 322);1;;;;;;
929;(410, 323);(410, 322);1;;;;;;
930;(410, 322);(410, 322);0;;;;;;
931;(410, 323);(410, 323);0;;;;;;
932;(410, 323);(410, 323);0;;;;;;
933;(410, 324);(410, 323);1;;;;;;
934;(410, 323);(410, 323);0;;;;;;
935;(410, 323);(410, 323);0;;;;;;
936;(410, 323);(410, 322);1;;;;;;
937;(407, 323);(408, 323);1;;;;;;
938;(405, 324);(404, 323);1.414213562;;;;;;
939;(402, 324);(402, 324);0;;;;;;
940;(402, 324);(402, 325);1;;;;;;
941;(402, 325);(402, 325);0;;;;;;
942;(402, 325);(401, 325);1;;;;;;
943;(402, 325);(401, 325);1;;;;;;
944;(401, 325);(401, 325);0;;;;;;
945;(400, 326);(401, 325);1.414213562;;;;;;
946;(400, 326);(400, 325);1;;;;;;
947;(400, 326);(400, 325);1;;;;;;
948;(400, 326);(399, 326);1;;;;;;
949;(399, 326);(399, 326);0;;;;;;
950;(399, 326);(399, 326);0;;;;;;
951;(399, 326);(398, 326);1;;;;;;
952;(398, 327);(398, 326);1;;;;;;
953;(398, 327);(397, 326);1.414213562;;;;;;
954;(398, 327);(397, 327);1;;;;;;
955;(397, 327);(397, 327);0;;;;;;
956;(396, 328);(396, 327);1;;;;;;
957;(396, 328);(396, 328);0;;;;;;
958;(396, 328);(395, 328);1;;;;;;
959;(395, 329);(395, 329);0;;;;;;
960;(395, 330);(394, 329);1.414213562;;;;;;
961;(395, 332);(394, 330);2.236067977;;;;;;
962;(395, 334);(393, 331);3.605551275;;;;;;
963;(396, 336);(395, 336);1;;;;;;
964;(395, 339);(395, 342);3;;;;;;
965;(394, 342);(394, 343);1;;;;;;
966;(394, 344);(393, 344);1;;;;;;
967;(392, 345);(392, 344);1;;;;;;
968;(392, 345);(391, 345);1;;;;;;
969;(390, 346);(390, 346);0;;;;;;
970;(390, 347);(390, 346);1;;;;;;
971;(390, 347);(389, 346);1.414213562;;;;;;
972;(389, 348);(389, 347);1;;;;;;
973;(389, 348);(388, 348);1;;;;;;
974;(388, 348);(388, 348);0;;;;;;
975;(388, 348);(387, 348);1;;;;;;
976;(388, 349);(387, 348);1.414213562;;;;;;
977;(387, 349);(387, 348);1;;;;;;
978;(387, 349);(386, 349);1;;;;;;
979;(387, 350);(386, 349);1.414213562;;;;;;
980;(386, 350);(386, 349);1;;;;;;
981;(386, 350);(386, 349);1;;;;;;
982;(386, 351);(385, 350);1.414213562;;;;;;
983;(386, 351);(385, 350);1.414213562;;;;;;
984;(386, 351);(385, 350);1.414213562;;;;;;
985;(385, 351);(384, 350);1.414213562;;;;;;
986;(385, 351);(384, 350);1.414213562;;;;;;
987;(385, 350);(384, 350);1;;;;;;
988;(385, 351);(383, 350);2.236067977;;;;;;
989;(384, 351);(383, 351);1;;;;;;
990;(384, 352);(383, 351);1.414213562;;;;;;
991;(384, 352);(383, 352);1;;;;;;
992;(383, 352);(382, 352);1;;;;;;
993;(382, 352);(382, 352);0;;;;;;
994;(382, 353);(382, 352);1;;;;;;
995;(382, 353);(382, 352);1;;;;;;
996;(382, 353);(381, 352);1.414213562;;;;;;
997;(382, 353);(381, 353);1;;;;;;
998;(382, 353);(381, 353);1;;;;;;
999;(382, 354);(380, 353);2.236067977;;;;;;
1000;(382, 354);(380, 353);2.236067977;;;;;;
1001;(382, 354);(380, 353);2.236067977;;;;;;
1002;(382, 354);(382, 353);1;;;;;;
1003;(382, 354);(383, 353);1.414213562;;;;;;
1004;(382, 353);(383, 353);1;;;;;;
1005;(382, 353);(382, 353);0;;;;;;
1006;(382, 353);(382, 353);0;;;;;;
1007;(382, 353);(381, 352);1.414213562;;;;;;
1008;(382, 353);(380, 352);2.236067977;;;;;;
1009;(381, 353);(380, 352);1.414213562;;;;;;
1010;(380, 352);(379, 352);1;;;;;;
1011;(380, 352);(379, 351);1.414213562;;;;;;
1012;(379, 352);(378, 351);1.414213562;;;;;;
1013;(378, 351);(377, 351);1;;;;;;
1014;(378, 350);(377, 351);1.414213562;;;;;;
1015;(376, 350);(375, 351);1.414213562;;;;;;
1016;(375, 350);(374, 350);1;;;;;;
1017;(374, 350);(373, 350);1;;;;;;
1018;(373, 350);(371, 349);2.236067977;;;;;;
1019;(372, 350);(371, 349);1.414213562;;;;;;
1020;(371, 350);(370, 349);1.414213562;;;;;;
1021;(370, 350);(367, 348);3.605551275;;;;;;
1022;(369, 349);(367, 348);2.236067977;;;;;;
1023;(368, 348);(366, 348);2;;;;;;
1024;(366, 348);(365, 348);1;;;;;;
1025;(365, 348);(365, 348);0;;;;;;
1026;(364, 348);(363, 347);1.414213562;;;;;;
1027;(363, 348);(361, 347);2.236067977;;;;;;
1028;(361, 348);(361, 346);2;;;;;;
1029;(360, 348);(359, 346);2.236067977;;;;;;
1030;(358, 347);(359, 346);1.414213562;;;;;;
1031;(357, 346);(356, 345);1.414213562;;;;;;
1032;(356, 346);(355, 345);1.414213562;;;;;;
1033;(354, 345);(354, 345);0;;;;;;
1034;(354, 345);(353, 344);1.414213562;;;;;;
1035;(352, 345);(352, 344);1;;;;;;
1036;(352, 345);(351, 343);2.236067977;;;;;;
1037;(350, 345);(349, 343);2.236067977;;;;;;
1038;(350, 344);(348, 343);2.236067977;;;;;;
1039;(348, 344);(347, 343);1.414213562;;;;;;
1040;(347, 344);(346, 342);2.236067977;;;;;;
1041;(346, 343);(345, 342);1.414213562;;;;;;
1042;(342, 342);(343, 342);1;;;;;;
1043;(338, 342);(340, 341);2.236067977;;;;;;
1044;(334, 341);(333, 340);1.414213562;;;;;;
1045;(332, 341);(331, 340);1.414213562;;;;;;
1046;(331, 341);(330, 340);1.414213562;;;;;;
1047;(329, 340);(329, 339);1;;;;;;
1048;(328, 340);(327, 339);1.414213562;;;;;;
1049;(326, 340);(326, 339);1;;;;;;
1050;(325, 339);(325, 338);1;;;;;;
1051;(324, 338);(323, 338);1;;;;;;
1052;(322, 338);(322, 337);1;;;;;;
1053;(321, 338);(321, 337);1;;;;;;
1054;(320, 337);(319, 336);1.414213562;;;;;;
1055;(319, 336);(318, 336);1;;;;;;
1056;(318, 335);(317, 335);1;;;;;;
1057;(316, 334);(314, 334);2;;;;;;
1058;(314, 334);(312, 334);2;;;;;;
1059;(312, 333);(311, 333);1;;;;;;
1060;(310, 332);(310, 333);1;;;;;;
1061;(308, 332);(308, 332);0;;;;;;
1062;(307, 332);(307, 331);1;;;;;;
1063;(306, 331);(305, 331);1;;;;;;
1064;(304, 330);(303, 330);1;;;;;;
1065;(302, 330);(302, 330);0;;;;;;
1066;(301, 329);(300, 329);1;;;;;;
1067;(299, 328);(299, 328);0;;;;;;
1068;(298, 328);(297, 328);1;;;;;;
1069;(296, 327);(296, 327);0;;;;;;
1070;(295, 326);(294, 326);1;;;;;;
1071;(294, 326);(293, 326);1;;;;;;
1072;(292, 325);(291, 325);1;;;;;;
1073;(290, 325);(288, 324);2.236067977;;;;;;
1074;(288, 324);(287, 324);1;;;;;;
1075;(286, 324);(285, 323);1.414213562;;;;;;
1076;(284, 324);(284, 323);1;;;;;;
1077;(283, 324);(282, 323);1.414213562;;;;;;
1078;(282, 323);(281, 322);1.414213562;;;;;;
1079;(280, 322);(279, 322);1;;;;;;
1080;(278, 321);(278, 321);0;;;;;;
1081;(277, 320);(276, 320);1;;;;;;
1082;(276, 320);(275, 320);1;;;;;;
1083;(274, 320);(273, 320);1;;;;;;
1084;(272, 319);(272, 319);0;;;;;;
1085;(269, 318);(271, 319);2.236067977;;;;;;
1086;(266, 318);(266, 318);0;;;;;;
1087;(263, 317);(259, 317);4;;;;;;
1088;(260, 316);(256, 316);4;;;;;;
1089;(256, 316);(255, 316);1;;;;;;
1090;(255, 315);(254, 315);1;;;;;;
1091;(253, 315);(253, 315);0;;;;;;
1092;(252, 315);(252, 315);0;;;;;;
1093;(251, 315);(250, 315);1;;;;;;
1094;(250, 314);(249, 314);1;;;;;;
1095;(249, 314);(248, 314);1;;;;;;
1096;(248, 314);(248, 314);0;;;;;;
1097;(247, 313);(246, 313);1;;;;;;
1098;(246, 312);(245, 313);1.414213562;;;;;;
1099;(245, 312);(244, 312);1;;;;;;
1100;(244, 312);(244, 312);0;;;;;;
1101;(243, 312);(243, 312);0;;;;;;
1102;(242, 312);(242, 312);0;;;;;;
1103;(242, 312);(241, 312);1;;;;;;
1104;(241, 312);(240, 311);1.414213562;;;;;;
1105;(240, 311);(240, 311);0;;;;;;
1106;(240, 310);(239, 310);1;;;;;;
1107;(239, 310);(238, 309);1.414213562;;;;;;
1108;(238, 309);(237, 309);1;;;;;;
1109;(238, 309);(237, 309);1;;;;;;
1110;(237, 309);(236, 308);1.414213562;;;;;;
1111;(236, 309);(235, 308);1.414213562;;;;;;
1112;(235, 308);(235, 308);0;;;;;;
1113;(234, 308);(234, 307);1;;;;;;
1114;(234, 308);(233, 307);1.414213562;;;;;;
1115;(233, 308);(233, 307);1;;;;;;
1116;(232, 308);(232, 307);1;;;;;;
1117;(232, 307);(231, 306);1.414213562;;;;;;
1118;(231, 306);(230, 306);1;;;;;;
1119;(230, 306);(230, 306);0;;;;;;
1120;(230, 306);(229, 306);1;;;;;;
1121;(229, 306);(228, 306);1;;;;;;
1122;(228, 306);(227, 306);1;;;;;;
1123;(228, 306);(227, 306);1;;;;;;
1124;(227, 306);(226, 306);1;;;;;;
1125;(227, 306);(226, 306);1;;;;;;
1126;(226, 306);(225, 306);1;;;;;;
1127;(226, 306);(225, 306);1;;;;;;
1128;(226, 306);(225, 306);1;;;;;;
1129;(224, 306);(224, 306);0;;;;;;
1130;(223, 307);(223, 306);1;;;;;;
1131;(222, 308);(221, 308);1;;;;;;
1132;(221, 308);(218, 309);3.16227766;;;;;;
1133;(219, 309);(217, 309);2;;;;;;
1134;(218, 310);(217, 309);1.414213562;;;;;;
1135;(218, 310);(216, 310);2;;;;;;
1136;(217, 310);(216, 309);1.414213562;;;;;;
1137;(216, 310);(216, 309);1;;;;;;
1138;(216, 309);(216, 309);0;;;;;;
1139;(216, 309);(216, 309);0;;;;;;
1140;(216, 309);(215, 309);1;;;;;;
1141;(216, 309);(215, 309);1;;;;;;
1142;(216, 309);(215, 308);1.414213562;;;;;;
1143;(216, 308);(215, 308);1;;;;;;
1144;(216, 308);(215, 308);1;;;;;;
1145;(216, 308);(215, 308);1;;;;;;
1146;(216, 308);(215, 307);1.414213562;;;;;;
1147;(216, 307);(215, 307);1;;;;;;
1148;(216, 307);(216, 307);0;;;;;;
1149;(216, 307);(216, 307);0;;;;;;
1150;(217, 307);(216, 306);1.414213562;;;;;;
1151;(217, 306);(216, 306);1;;;;;;
1152;(217, 306);(216, 306);1;;;;;;
1153;(217, 306);(217, 305);1;;;;;;
1154;(218, 305);(217, 305);1;;;;;;
1155;(218, 305);(217, 304);1.414213562;;;;;;
1156;(218, 305);(217, 304);1.414213562;;;;;;
1157;(218, 304);(217, 304);1;;;;;;
1158;(218, 304);(217, 304);1;;;;;;
1159;(218, 304);(217, 304);1;;;;;;
1160;(218, 304);(218, 304);0;;;;;;
1161;(218, 304);(218, 303);1;;;;;;
1162;(219, 304);(218, 303);1.414213562;;;;;;
1163;(219, 304);(218, 303);1.414213562;;;;;;
1164;(219, 304);(218, 303);1.414213562;;;;;;
1165;(222, 306);(220, 305);2.236067977;;;;;;
1166;(225, 309);(225, 309);0;;;;;;
1167;(228, 312);(227, 310);2.236067977;;;;;;
1168;(229, 312);(227, 312);2;;;;;;
1169;(229, 312);(227, 312);2;;;;;;
1170;(229, 312);(228, 312);1;;;;;;
1171;(229, 312);(227, 313);2.236067977;;;;;;
1172;(228, 313);(228, 313);0;;;;;;
1173;(228, 314);(227, 314);1;;;;;;
1174;(228, 314);(227, 314);1;;;;;;
1175;(228, 314);(227, 315);1.414213562;;;;;;
1176;(228, 315);(227, 315);1;;;;;;
1177;(227, 316);(227, 316);0;;;;;;
1178;(227, 316);(227, 316);0;;;;;;
1179;(227, 317);(226, 317);1;;;;;;
1180;(227, 318);(226, 318);1;;;;;;
1181;(227, 318);(226, 318);1;;;;;;
1182;(227, 318);(226, 319);1.414213562;;;;;;
1183;(226, 320);(225, 322);2.236067977;;;;;;
1184;(226, 322);(224, 324);2.828427125;;;;;;
1185;(225, 324);(224, 325);1.414213562;;;;;;
1186;(225, 324);(224, 326);2.236067977;;;;;;
1187;(225, 326);(224, 327);1.414213562;;;;;;
1188;(225, 326);(224, 327);1.414213562;;;;;;
1189;(225, 327);None;None;;;;;;
1190;(225, 328);(224, 328);1;;;;;;
1191;(226, 328);(224, 329);2.236067977;;;;;;
1192;(226, 328);(225, 329);1.414213562;;;;;;
1193;(226, 327);(225, 329);2.236067977;;;;;;
1194;(226, 326);(225, 329);3.16227766;;;;;;
1195;(226, 328);(225, 330);2.236067977;;;;;;
1196;(226, 329);None;None;;;;;;
1197;(226, 330);None;None;;;;;;
1198;(226, 331);None;None;;;;;;
1199;(226, 331);(224, 330);2.236067977;;;;;;
1200;(226, 331);(225, 331);1;;;;;;
1201;(227, 332);(225, 331);2.236067977;;;;;;
1202;(227, 332);None;None;;;;;;
1203;(227, 332);(225, 332);2;;;;;;
1204;(227, 332);(226, 332);1;;;;;;
1205;(227, 332);None;None;;;;;;
1206;(228, 331);(227, 333);2.236067977;;;;;;
1207;(228, 332);(226, 332);2;;;;;;
1208;(228, 332);(227, 333);1.414213562;;;;;;
1209;(229, 332);(227, 332);2;;;;;;
1210;(229, 332);(227, 333);2.236067977;;;;;;
1211;(229, 332);(228, 333);1.414213562;;;;;;
1212;(230, 332);None;None;;;;;;
1213;(230, 333);None;None;;;;;;
1214;(231, 333);None;None;;;;;;
1215;(232, 333);(230, 333);2;;;;;;
1216;(232, 333);None;None;;;;;;
1217;(233, 333);(231, 334);2.236067977;;;;;;
1218;(234, 334);None;None;;;;;;
1219;(235, 334);None;None;;;;;;
1220;(235, 334);None;None;;;;;;
1221;(236, 334);None;None;;;;;;
1222;(238, 335);None;None;;;;;;
1223;(239, 335);(237, 335);2;;;;;;
1224;(240, 336);None;None;;;;;;
1225;(244, 338);None;None;;;;;;
1226;(247, 339);None;None;;;;;;
1227;(250, 341);(250, 341);0;;;;;;
1228;(252, 341);(251, 341);1;;;;;;
1229;(252, 342);(252, 342);0;;;;;;
1230;(254, 342);(253, 342);1;;;;;;
1231;(254, 342);(253, 342);1;;;;;;
1232;(255, 343);(254, 343);1;;;;;;
1233;(256, 343);(255, 343);1;;;;;;
1234;(256, 343);(256, 343);0;;;;;;
1235;(258, 343);(256, 343);2;;;;;;
1236;(258, 344);(257, 343);1.414213562;;;;;;
1237;(259, 344);(258, 343);1.414213562;;;;;;
1238;(260, 345);(259, 343);2.236067977;;;;;;
1239;(260, 346);(260, 344);2;;;;;;
1240;(261, 346);(261, 344);2;;;;;;
1241;(262, 346);(262, 345);1;;;;;;
1242;(263, 346);None;None;;;;;;
1243;(264, 346);(263, 345);1.414213562;;;;;;
1244;(265, 347);(264, 346);1.414213562;;;;;;
1245;(266, 348);(265, 347);1.414213562;;;;;;
1246;(267, 348);(266, 348);1;;;;;;
1247;(268, 349);(267, 348);1.414213562;;;;;;
1248;(268, 350);(268, 349);1;;;;;;
1249;(268, 351);(269, 349);2.236067977;;;;;;
1250;(268, 351);None;None;;;;;;
1251;(268, 352);None;None;;;;;;
1252;(268, 354);None;None;;;;;;
1253;(268, 355);None;None;;;;;;
1254;(268, 357);None;None;;;;;;
1255;(269, 358);None;None;;;;;;
1256;(270, 358);None;None;;;;;;
1257;(270, 358);None;None;;;;;;
1258;(272, 359);None;None;;;;;;
1259;(272, 360);None;None;;;;;;
1260;(274, 360);None;None;;;;;;
1261;(274, 360);None;None;;;;;;
1262;(275, 361);None;None;;;;;;
1263;(276, 361);None;None;;;;;;
1264;(277, 361);None;None;;;;;;
1265;(277, 361);None;None;;;;;;
1266;(278, 362);None;None;;;;;;
1267;(279, 362);None;None;;;;;;
1268;(280, 362);None;None;;;;;;
1269;(282, 362);None;None;;;;;;
1270;(282, 362);None;None;;;;;;
1271;(284, 363);None;None;;;;;;
1272;(284, 363);None;None;;;;;;
1273;(286, 363);None;None;;;;;;
1274;(288, 364);None;None;;;;;;
1275;(289, 364);None;None;;;;;;
1276;(290, 364);None;None;;;;;;
1277;(292, 365);None;None;;;;;;
1278;(294, 365);None;None;;;;;;
1279;(295, 365);None;None;;;;;;
1280;(296, 365);None;None;;;;;;
1281;(298, 366);None;None;;;;;;
1282;(299, 366);None;None;;;;;;
1283;(301, 366);None;None;;;;;;
1284;(302, 367);(301, 365);2.236067977;;;;;;
1285;(303, 367);None;None;;;;;;
1286;(304, 367);None;None;;;;;;
1287;(306, 367);None;None;;;;;;
1288;(307, 367);None;None;;;;;;
1289;(308, 367);(306, 367);2;;;;;;
1290;(309, 368);None;None;;;;;;
1291;(310, 368);(309, 368);1;;;;;;
1292;(312, 368);None;None;;;;;;
1293;(313, 369);(282, 307);69.3181073;;;;;;
1294;(314, 369);None;None;;;;;;
1295;(315, 369);(314, 369);1;;;;;;
1296;(316, 370);(315, 369);1.414213562;;;;;;
1297;(317, 370);(316, 369);1.414213562;;;;;;
1298;(318, 370);(317, 369);1.414213562;;;;;;
1299;(320, 370);(318, 369);2.236067977;;;;;;
1300;(320, 370);(320, 370);0;;;;;;
1301;(322, 370);(320, 370);2;;;;;;
1302;(322, 370);(321, 370);1;;;;;;
1303;(324, 371);(323, 370);1.414213562;;;;;;
1304;(325, 372);(323, 370);2.828427125;;;;;;
1305;(326, 372);(325, 371);1.414213562;;;;;;
1306;(327, 372);(326, 371);1.414213562;;;;;;
1307;(328, 372);(327, 371);1.414213562;;;;;;
1308;(328, 372);(327, 371);1.414213562;;;;;;
1309;(329, 372);(328, 371);1.414213562;;;;;;
1310;(330, 372);(330, 371);1;;;;;;
1311;(331, 372);(330, 371);1.414213562;;;;;;
1312;(332, 372);(331, 371);1.414213562;;;;;;
1313;(332, 372);(331, 371);1.414213562;;;;;;
1314;(333, 372);(332, 371);1.414213562;;;;;;
1315;(334, 372);(333, 371);1.414213562;;;;;;
1316;(334, 372);(334, 372);0;;;;;;
1317;(335, 372);(334, 371);1.414213562;;;;;;
1318;(337, 372);(335, 371);2.236067977;;;;;;
1319;(339, 372);(337, 371);2.236067977;;;;;;
1320;(341, 372);(340, 371);1.414213562;;;;;;
1321;(342, 371);(342, 370);1;;;;;;
1322;(343, 370);None;None;;;;;;
1323;(344, 370);None;None;;;;;;
1324;(345, 370);None;None;;;;;;
1325;(346, 370);None;None;;;;;;
1326;(346, 370);None;None;;;;;;
1327;(346, 370);None;None;;;;;;
1328;(347, 370);None;None;;;;;;
1329;(347, 370);None;None;;;;;;
1330;(348, 370);None;None;;;;;;
1331;(348, 370);None;None;;;;;;
1332;(349, 370);None;None;;;;;;
1333;(350, 369);None;None;;;;;;
1334;(350, 369);None;None;;;;;;
1335;(350, 369);None;None;;;;;;
1336;(351, 369);None;None;;;;;;
1337;(352, 369);(353, 365);4.123105626;;;;;;
1338;(352, 368);None;None;;;;;;
1339;(352, 367);None;None;;;;;;
1340;(353, 366);None;None;;;;;;
1341;(353, 364);None;None;;;;;;
1342;(354, 365);None;None;;;;;;
1343;(356, 367);None;None;;;;;;
1344;(357, 368);None;None;;;;;;
1345;(358, 366);None;None;;;;;;
1346;(359, 365);None;None;;;;;;
1347;(360, 364);None;None;;;;;;
1348;(361, 363);None;None;;;;;;
1349;(362, 363);None;None;;;;;;
1350;(362, 363);None;None;;;;;;
1351;(362, 362);None;None;;;;;;
1352;(363, 362);None;None;;;;;;
1353;(363, 361);(365, 366);5.385164807;;;;;;
1354;(363, 360);None;None;;;;;;
1355;(364, 359);None;None;;;;;;
1356;(364, 358);None;None;;;;;;
1357;(364, 357);None;None;;;;;;
1358;(365, 356);None;None;;;;;;
1359;(365, 354);None;None;;;;;;
1360;(366, 357);None;None;;;;;;
1361;(366, 360);None;None;;;;;;
1362;(366, 363);None;None;;;;;;
1363;(367, 361);None;None;;;;;;
1364;(368, 359);None;None;;;;;;
1365;(368, 357);None;None;;;;;;
1366;(369, 358);None;None;;;;;;
1367;(370, 360);None;None;;;;;;
1368;(370, 361);None;None;;;;;;
1369;(373, 357);None;None;;;;;;
1370;(375, 353);None;None;;;;;;
1371;(378, 348);None;None;;;;;;
1372;(378, 349);None;None;;;;;;
1373;(379, 350);None;None;;;;;;
1374;(380, 350);None;None;;;;;;
1375;(380, 350);None;None;;;;;;
1376;(380, 350);None;None;;;;;;
1377;(380, 350);None;None;;;;;;
1378;(381, 350);None;None;;;;;;
1379;(382, 349);(381, 349);1;;;;;;
1380;(382, 348);(382, 348);0;;;;;;
1381;(383, 348);(382, 348);1;;;;;;
1382;(383, 348);(383, 348);0;;;;;;
1383;(383, 348);(383, 347);1;;;;;;
1384;(384, 347);(383, 347);1;;;;;;
1385;(384, 346);(383, 346);1;;;;;;
1386;(384, 346);(384, 346);0;;;;;;
1387;(385, 345);(384, 345);1;;;;;;
1388;(385, 344);(383, 343);2.236067977;;;;;;
1389;(386, 343);(384, 343);2;;;;;;
1390;(386, 342);(384, 341);2.236067977;;;;;;
1391;(386, 342);(385, 342);1;;;;;;
1392;(386, 341);(385, 341);1;;;;;;
1393;(386, 340);(386, 341);1;;;;;;
1394;(387, 339);(386, 339);1;;;;;;
1395;(388, 338);(386, 338);2;;;;;;
1396;(388, 338);(387, 336);2.236067977;;;;;;
1397;(388, 336);(388, 336);0;;;;;;
1398;(388, 336);(388, 335);1;;;;;;
1399;(389, 335);(388, 334);1.414213562;;;;;;
1400;(389, 334);(388, 333);1.414213562;;;;;;
1401;(389, 333);(389, 333);0;;;;;;
1402;(389, 332);(389, 332);0;;;;;;
1403;(389, 332);(389, 331);1;;;;;;
1404;(389, 331);(389, 331);0;;;;;;
1405;(389, 331);(389, 331);0;;;;;;
1406;(389, 330);(388, 330);1;;;;;;
1407;(389, 330);(388, 330);1;;;;;;
1408;(388, 330);(388, 330);0;;;;;;
1409;(388, 330);(388, 330);0;;;;;;
1410;(388, 330);(387, 329);1.414213562;;;;;;
1411;(384, 330);(387, 329);3.16227766;;;;;;
1412;(380, 330);(385, 329);5.099019514;;;;;;
1413;(376, 331);(375, 330);1.414213562;;;;;;
1414;(374, 331);(370, 331);4;;;;;;
1415;(371, 332);(369, 331);2.236067977;;;;;;
1416;(368, 332);(369, 331);1.414213562;;;;;;
1417;(368, 332);(368, 331);1;;;;;;
1418;(367, 332);(367, 331);1;;;;;;
1419;(366, 332);(366, 331);1;;;;;;
1420;(366, 332);(365, 331);1.414213562;;;;;;
1421;(365, 331);(365, 331);0;;;;;;
1422;(364, 331);(364, 331);0;;;;;;
1423;(364, 331);(363, 330);1.414213562;;;;;;
1424;(362, 330);(362, 330);0;;;;;;
1425;(362, 330);(361, 330);1;;;;;;
1426;(358, 330);(359, 329);1.414213562;;;;;;
1427;(354, 330);(354, 330);0;;;;;;
1428;(350, 330);(349, 330);1;;;;;;
1429;(348, 330);(348, 330);0;;;;;;
1430;(348, 330);(347, 330);1;;;;;;
1431;(346, 330);(346, 330);0;;;;;;
1432;(345, 330);(345, 330);0;;;;;;
1433;(344, 330);(344, 330);0;;;;;;
1434;(343, 330);(343, 330);0;;;;;;
1435;(342, 330);(342, 330);0;;;;;;
1436;(341, 330);(341, 330);0;;;;;;
1437;(340, 330);(340, 330);0;;;;;;
1438;(339, 330);(339, 330);0;;;;;;
1439;(338, 330);(338, 330);0;;;;;;
1440;(338, 330);(337, 330);1;;;;;;
1441;(336, 330);(336, 330);0;;;;;;
1442;(335, 330);(334, 330);1;;;;;;
1443;(334, 330);(333, 330);1;;;;;;
1444;(332, 330);(331, 329);1.414213562;;;;;;
1445;(331, 329);(330, 329);1;;;;;;
1446;(329, 329);(329, 328);1;;;;;;
1447;(328, 329);(327, 328);1.414213562;;;;;;
1448;(326, 328);(326, 328);0;;;;;;
1449;(325, 328);(325, 328);0;;;;;;
1450;(324, 328);(323, 328);1;;;;;;
1451;(322, 328);(322, 328);0;;;;;;
1452;(320, 328);(320, 327);1;;;;;;
1453;(319, 327);(317, 326);2.236067977;;;;;;
1454;(317, 326);(316, 326);1;;;;;;
1455;(315, 326);(315, 326);0;;;;;;
1456;(313, 326);(313, 325);1;;;;;;
1457;(311, 325);(312, 325);1;;;;;;
1458;(308, 324);(309, 325);1.414213562;;;;;;
1459;(307, 324);(308, 324);1;;;;;;
1460;(306, 324);(306, 324);0;;;;;;
1461;(305, 324);(305, 324);0;;;;;;
1462;(304, 323);(304, 323);0;;;;;;
1463;(303, 323);(302, 323);1;;;;;;
1464;(302, 322);None;None;;;;;;
1465;(302, 323);(299, 322);3.16227766;;;;;;
1466;(302, 324);(298, 322);4.472135955;;;;;;
1467;(302, 324);(300, 324);2;;;;;;
1468;(301, 324);(221, 241);115.277925;;;;;;
1469;(300, 325);(300, 325);0;;;;;;
1470;(300, 325);(299, 325);1;;;;;;
1471;(298, 325);(298, 325);0;;;;;;
1472;(298, 324);(297, 325);1.414213562;;;;;;
1473;(296, 324);(296, 324);0;;;;;;
1474;(296, 324);(295, 324);1;;;;;;
1475;(294, 324);(294, 324);0;;;;;;
1476;(294, 324);(293, 324);1;;;;;;
1477;(292, 324);(292, 324);0;;;;;;
1478;(292, 324);(291, 324);1;;;;;;
1479;(290, 324);(290, 323);1;;;;;;
1480;(289, 324);(290, 323);1.414213562;;;;;;
1481;(288, 323);(288, 323);0;;;;;;
1482;(287, 323);(287, 323);0;;;;;;
1483;(286, 323);(286, 323);0;;;;;;
1484;(285, 323);(285, 323);0;;;;;;
1485;(284, 322);(284, 322);0;;;;;;
1486;(284, 322);(283, 322);1;;;;;;
1487;(283, 322);(283, 322);0;;;;;;
1488;(282, 322);(282, 322);0;;;;;;
1489;(281, 322);(281, 321);1;;;;;;
1490;(280, 322);(280, 321);1;;;;;;
1491;(279, 322);(279, 321);1;;;;;;
1492;(278, 321);(278, 321);0;;;;;;
1493;(277, 321);(278, 321);1;;;;;;
1494;(276, 321);(276, 320);1;;;;;;
1495;(273, 321);(270, 320);3.16227766;;;;;;
1496;(270, 320);(266, 320);4;;;;;;
1497;(266, 320);(265, 320);1;;;;;;
1498;(266, 320);None;None;;;;;;
1499;(265, 320);(264, 320);1;;;;;;
1500;(264, 320);(263, 319);1.414213562;;;;;;
1501;(264, 319);(263, 319);1;;;;;;
1502;(263, 319);(262, 319);1;;;;;;
1503;(262, 318);(262, 319);1;;;;;;
1504;(262, 319);(261, 319);1;;;;;;
1505;(261, 319);(260, 318);1.414213562;;;;;;
1506;(260, 320);(260, 319);1;;;;;;
1507;(260, 319);(258, 319);2;;;;;;
1508;(259, 319);(258, 319);1;;;;;;
1509;(258, 319);(257, 319);1;;;;;;
1510;(258, 318);(257, 318);1;;;;;;
1511;(257, 318);(256, 318);1;;;;;;
1512;(256, 317);(256, 318);1;;;;;;
1513;(256, 317);(255, 318);1.414213562;;;;;;
1514;(255, 317);(254, 318);1.414213562;;;;;;
1515;(254, 316);(254, 318);2;;;;;;
1516;(254, 316);(253, 318);2.236067977;;;;;;
1517;(252, 316);(252, 318);2;;;;;;
1518;(252, 315);(251, 317);2.236067977;;;;;;
1519;(251, 315);(250, 317);2.236067977;;;;;;
1520;(250, 316);(250, 317);1;;;;;;
1521;(250, 316);(249, 317);1.414213562;;;;;;
1522;(249, 316);(248, 317);1.414213562;;;;;;
1523;(248, 316);(247, 317);1.414213562;;;;;;
1524;(247, 316);(246, 317);1.414213562;;;;;;
1525;(246, 316);(246, 317);1;;;;;;
1526;(246, 316);None;None;;;;;;
1527;(245, 316);None;None;;;;;;
1528;(244, 316);None;None;;;;;;
1529;(244, 316);None;None;;;;;;
1530;(244, 316);None;None;;;;;;
1531;(243, 315);None;None;;;;;;
1532;(242, 314);(241, 312);2.236067977;;;;;;
1533;(242, 313);None;None;;;;;;
1534;(241, 314);None;None;;;;;;
1535;(241, 315);None;None;;;;;;
1536;(240, 316);None;None;;;;;;
1537;(240, 316);None;None;;;;;;
1538;(240, 316);None;None;;;;;;
1539;(239, 316);None;None;;;;;;
1540;(238, 315);None;None;;;;;;
1541;(237, 314);None;None;;;;;;
1542;(236, 313);None;None;;;;;;
1543;(236, 314);(235, 316);2.236067977;;;;;;
1544;(235, 315);None;None;;;;;;
1545;(235, 316);None;None;;;;;;
1546;(234, 316);None;None;;;;;;
1547;(234, 316);None;None;;;;;;
1548;(234, 316);None;None;;;;;;
1549;(231, 316);None;None;;;;;;
1550;(229, 316);None;None;;;;;;
1551;(226, 316);None;None;;;;;;
1552;(226, 316);None;None;;;;;;
1553;(226, 316);None;None;;;;;;
1554;(226, 316);None;None;;;;;;
1555;(225, 316);None;None;;;;;;
1556;(225, 315);None;None;;;;;;
1557;(224, 315);None;None;;;;;;
1558;(224, 315);None;None;;;;;;
1559;(224, 315);None;None;;;;;;
1560;(224, 315);None;None;;;;;;
1561;(224, 315);None;None;;;;;;
1562;(224, 314);None;None;;;;;;
1563;(224, 314);None;None;;;;;;
1564;(224, 314);None;None;;;;;;
1565;(223, 313);None;None;;;;;;
1566;(223, 313);(222, 313);1;;;;;;
1567;(223, 313);None;None;;;;;;
1568;(223, 312);(222, 312);1;;;;;;
1569;(223, 312);(222, 312);1;;;;;;
1570;(223, 311);None;None;;;;;;
1571;(223, 311);(221, 310);2.236067977;;;;;;
1572;(222, 310);(221, 310);1;;;;;;
1573;(222, 310);(221, 309);1.414213562;;;;;;
1574;(222, 309);(221, 309);1;;;;;;
1575;(222, 308);(221, 308);1;;;;;;
1576;(222, 308);(221, 307);1.414213562;;;;;;
1577;(222, 306);(221, 306);1;;;;;;
1578;(222, 306);(220, 306);2;;;;;;
1579;(222, 305);(221, 304);1.414213562;;;;;;
1580;(222, 304);(221, 303);1.414213562;;;;;;
1581;(222, 303);(221, 302);1.414213562;;;;;;
1582;(222, 302);(221, 301);1.414213562;;;;;;
1583;(222, 301);(221, 300);1.414213562;;;;;;
1584;(222, 300);(221, 299);1.414213562;;;;;;
1585;(222, 299);(221, 298);1.414213562;;;;;;
1586;(222, 298);(221, 297);1.414213562;;;;;;
1587;(222, 298);(221, 296);2.236067977;;;;;;
1588;(222, 296);(222, 295);1;;;;;;
1589;(221, 294);(222, 295);1.414213562;;;;;;
1590;(221, 293);(220, 292);1.414213562;;;;;;
1591;(221, 291);(219, 289);2.828427125;;;;;;
1592;(221, 289);(220, 288);1.414213562;;;;;;
1593;(222, 288);(220, 287);2.236067977;;;;;;
1594;(222, 287);(220, 286);2.236067977;;;;;;
1595;(222, 286);(221, 286);1;;;;;;
1596;(222, 286);(221, 285);1.414213562;;;;;;
1597;(222, 285);(221, 285);1;;;;;;
1598;(222, 284);(221, 284);1;;;;;;
1599;(222, 284);(221, 283);1.414213562;;;;;;
1600;(222, 283);(222, 283);0;;;;;;
1601;(222, 282);(222, 282);0;;;;;;
1602;(222, 282);(222, 281);1;;;;;;
1603;(223, 281);(222, 281);1;;;;;;
1604;(223, 280);(222, 280);1;;;;;;
1605;(224, 280);(222, 279);2.236067977;;;;;;
1606;(224, 279);(223, 279);1;;;;;;
1607;(224, 279);(223, 278);1.414213562;;;;;;
1608;(224, 278);(223, 278);1;;;;;;
1609;(224, 278);(223, 277);1.414213562;;;;;;
1610;(224, 277);(224, 277);0;;;;;;
1611;(225, 277);(224, 276);1.414213562;;;;;;
1612;(225, 276);(225, 276);0;;;;;;
1613;(226, 276);(225, 275);1.414213562;;;;;;
1614;(226, 275);(225, 275);1;;;;;;
1615;(226, 274);(226, 274);0;;;;;;
1616;(227, 274);(226, 274);1;;;;;;
1617;(228, 274);(227, 273);1.414213562;;;;;;
1618;(228, 273);(227, 273);1;;;;;;
1619;(228, 272);(226, 273);2.236067977;;;;;;
1620;(229, 272);(227, 273);2.236067977;;;;;;
1621;(230, 272);(229, 272);1;;;;;;
1622;(230, 272);(229, 271);1.414213562;;;;;;
1623;(230, 272);(230, 271);1;;;;;;
1624;(234, 272);(235, 272);1;;;;;;
1625;(237, 273);(239, 273);2;;;;;;
1626;(240, 274);(239, 273);1.414213562;;;;;;
1627;(241, 274);None;None;;;;;;
1628;(242, 274);(241, 274);1;;;;;;
1629;(243, 274);None;None;;;;;;
1630;(244, 274);None;None;;;;;;
1631;(245, 274);(243, 273);2.236067977;;;;;;
1632;(246, 274);(244, 273);2.236067977;;;;;;
1633;(247, 274);(244, 274);3;;;;;;
1634;(247, 275);None;None;;;;;;
1635;(248, 275);None;None;;;;;;
1636;(249, 275);(247, 275);2;;;;;;
1637;(250, 275);(248, 275);2;;;;;;
1638;(251, 275);(249, 274);2.236067977;;;;;;
1639;(252, 275);None;None;;;;;;
1640;(253, 275);(251, 276);2.236067977;;;;;;
1641;(254, 274);(252, 276);2.828427125;;;;;;
1642;(255, 275);(254, 275);1;;;;;;
1643;(256, 275);None;None;;;;;;
1644;(257, 275);(256, 276);1.414213562;;;;;;
1645;(258, 276);(257, 276);1;;;;;;
1646;(260, 276);(258, 276);2;;;;;;
1647;(261, 276);(259, 276);2;;;;;;
1648;(262, 277);(260, 276);2.236067977;;;;;;
1649;(263, 277);None;None;;;;;;
1650;(264, 277);None;None;;;;;;
1651;(265, 277);(265, 276);1;;;;;;
1652;(266, 277);(265, 276);1.414213562;;;;;;
1653;(267, 277);(266, 276);1.414213562;;;;;;
1654;(268, 277);(267, 277);1;;;;;;
1655;(269, 278);(269, 277);1;;;;;;
1656;(270, 278);(269, 277);1.414213562;;;;;;
1657;(270, 279);(271, 278);1.414213562;;;;;;
1658;(270, 281);(270, 279);2;;;;;;
1659;(270, 282);(270, 281);1;;;;;;
1660;(272, 282);(271, 282);1;;;;;;
1661;(272, 283);(272, 282);1;;;;;;
1662;(274, 284);(273, 283);1.414213562;;;;;;
1663;(275, 284);(274, 283);1.414213562;;;;;;
1664;(276, 284);(276, 284);0;;;;;;
1665;(278, 284);(278, 284);0;;;;;;
1666;(279, 285);(279, 284);1;;;;;;
1667;(281, 285);(280, 284);1.414213562;;;;;;
1668;(282, 285);(282, 284);1;;;;;;
1669;(283, 285);(283, 285);0;;;;;;
1670;(285, 285);(284, 285);1;;;;;;
1671;(286, 286);(286, 285);1;;;;;;
1672;(287, 286);(287, 285);1;;;;;;
1673;(289, 286);(289, 285);1;;;;;;
1674;(290, 286);(290, 286);0;;;;;;
1675;(292, 287);(291, 286);1.414213562;;;;;;
1676;(294, 288);(294, 287);1;;;;;;
1677;(296, 288);(295, 287);1.414213562;;;;;;
1678;(297, 288);(297, 287);1;;;;;;
1679;(298, 288);(298, 288);0;;;;;;
1680;(299, 288);(299, 288);0;;;;;;
1681;(301, 289);(300, 288);1.414213562;;;;;;
1682;(302, 290);(303, 290);1;;;;;;
1683;(304, 291);(304, 290);1;;;;;;
1684;(305, 291);(305, 290);1;;;;;;
1685;(307, 291);(306, 291);1;;;;;;
1686;(308, 292);(308, 291);1;;;;;;
1687;(309, 292);(309, 291);1;;;;;;
1688;(311, 292);(310, 292);1;;;;;;
1689;(312, 293);(312, 292);1;;;;;;
1690;(313, 294);(313, 293);1;;;;;;
1691;(315, 294);(315, 293);1;;;;;;
1692;(316, 294);(316, 294);0;;;;;;
1693;(318, 295);(318, 294);1;;;;;;
1694;(319, 295);(320, 295);1;;;;;;
1695;(320, 296);(321, 295);1.414213562;;;;;;
1696;(322, 296);(322, 296);0;;;;;;
1697;(323, 296);(324, 296);1;;;;;;
1698;(324, 297);(325, 296);1.414213562;;;;;;
1699;(326, 297);(326, 296);1;;;;;;
1700;(327, 297);(328, 297);1;;;;;;
1701;(328, 298);(329, 297);1.414213562;;;;;;
1702;(330, 298);(330, 298);0;;;;;;
1703;(331, 298);(331, 298);0;;;;;;
1704;(332, 298);(333, 298);1;;;;;;
1705;(334, 299);(334, 298);1;;;;;;
1706;(335, 299);(336, 299);1;;;;;;
1707;(336, 300);(336, 299);1;;;;;;
1708;(337, 300);(337, 300);0;;;;;;
1709;(338, 300);(339, 300);1;;;;;;
1710;(340, 300);(340, 300);0;;;;;;
1711;(341, 301);(342, 301);1;;;;;;
1712;(342, 302);(343, 301);1.414213562;;;;;;
1713;(344, 302);(344, 301);1;;;;;;
1714;(347, 303);(345, 302);2.236067977;;;;;;
1715;(350, 304);(348, 302);2.828427125;;;;;;
1716;(352, 305);(354, 304);2.236067977;;;;;;
1717;(354, 306);(355, 306);1;;;;;;
1718;(356, 306);(355, 306);1;;;;;;
1719;(358, 306);(358, 306);0;;;;;;
1720;(359, 306);(358, 306);1;;;;;;
1721;(360, 306);(360, 306);0;;;;;;
1722;(362, 306);(362, 306);0;;;;;;
1723;(363, 307);(362, 307);1;;;;;;
1724;(364, 307);(364, 307);0;;;;;;
1725;(365, 308);(365, 307);1;;;;;;
1726;(366, 307);(367, 308);1.414213562;;;;;;
1727;(367, 307);(368, 307);1;;;;;;
1728;(368, 307);(368, 307);0;;;;;;
1729;(369, 307);(369, 307);0;;;;;;
1730;(370, 307);(370, 307);0;;;;;;
1731;(371, 307);(371, 307);0;;;;;;
1732;(372, 307);(371, 307);1;;;;;;
1733;(373, 307);(372, 307);1;;;;;;
1734;(374, 307);(373, 307);1;;;;;;
1735;(374, 307);(374, 307);0;;;;;;
1736;(374, 307);(374, 307);0;;;;;;
1737;(374, 307);(375, 307);1;;;;;;
1738;(375, 307);(375, 307);0;;;;;;
1739;(376, 308);(376, 307);1;;;;;;
1740;(377, 308);(377, 307);1;;;;;;
1741;(378, 308);(378, 307);1;;;;;;
1742;(378, 308);(378, 307);1;;;;;;
1743;(379, 308);(379, 307);1;;;;;;
1744;(380, 308);(380, 307);1;;;;;;
1745;(380, 308);(380, 307);1;;;;;;
1746;(380, 308);(381, 307);1.414213562;;;;;;
1747;(381, 307);(381, 307);0;;;;;;
1748;(382, 307);(382, 307);0;;;;;;
1749;(382, 307);(382, 307);0;;;;;;
1750;(383, 307);(383, 307);0;;;;;;
1751;(383, 307);(384, 307);1;;;;;;
1752;(384, 306);(384, 307);1;;;;;;
1753;(384, 306);(384, 306);0;;;;;;
1754;(384, 306);(385, 306);1;;;;;;
1755;(385, 306);(385, 306);0;;;;;;
1756;(385, 306);(385, 306);0;;;;;;
1757;(386, 306);(385, 307);1.414213562;;;;;;
1758;(386, 306);(386, 307);1;;;;;;
1759;(386, 307);(386, 307);0;;;;;;
1760;(387, 307);(386, 307);1;;;;;;
1761;(387, 307);(387, 307);0;;;;;;
1762;(387, 307);(387, 307);0;;;;;;
1763;(387, 308);(387, 307);1;;;;;;
1764;(387, 308);(387, 307);1;;;;;;
1765;(387, 308);(387, 307);1;;;;;;
1766;(387, 307);(388, 308);1.414213562;;;;;;
1767;(388, 307);(387, 307);1;;;;;;
1768;(388, 307);(387, 307);1;;;;;;
1769;(388, 307);(388, 308);1;;;;;;
1770;(388, 307);(388, 307);0;;;;;;
1771;(388, 307);(388, 307);0;;;;;;
1772;(388, 307);(389, 308);1.414213562;;;;;;
1773;(388, 307);(389, 308);1.414213562;;;;;;
1774;(388, 307);(388, 306);1;;;;;;
1775;(388, 306);(388, 306);0;;;;;;
1776;(388, 306);(388, 305);1;;;;;;
1777;(388, 306);(388, 305);1;;;;;;
1778;(388, 305);(389, 306);1.414213562;;;;;;
1779;(388, 305);(389, 304);1.414213562;;;;;;
1780;(388, 305);(389, 306);1.414213562;;;;;;
1781;(388, 304);(389, 304);1;;;;;;
1782;(388, 304);(389, 305);1.414213562;;;;;;
1783;(388, 304);(390, 304);2;;;;;;
1784;(388, 303);(389, 303);1;;;;;;
1785;(388, 302);(389, 302);1;;;;;;
1786;(389, 302);(389, 302);0;;;;;;
1787;(389, 301);(389, 301);0;;;;;;
1788;(390, 300);(390, 299);1;;;;;;
1789;(390, 299);(392, 299);2;;;;;;
1790;(390, 298);(392, 297);2.236067977;;;;;;
1791;(391, 297);(391, 296);1;;;;;;
1792;(392, 296);(391, 296);1;;;;;;
1793;(392, 296);(392, 297);1;;;;;;
1794;(392, 296);(392, 295);1;;;;;;
1795;(392, 295);(392, 295);0;;;;;;
1796;(392, 294);(392, 294);0;;;;;;
1797;(392, 294);(392, 293);1;;;;;;
1798;(392, 293);(393, 294);1.414213562;;;;;;
1799;(392, 292);(393, 293);1.414213562;;;;;;
1800;(392, 292);(393, 293);1.414213562;;;;;;
1801;(393, 292);(392, 291);1.414213562;;;;;;
1802;(393, 291);(393, 291);0;;;;;;
1803;(393, 291);(393, 291);0;;;;;;
1804;(393, 291);(394, 291);1;;;;;;
1805;(393, 290);(393, 290);0;;;;;;
1806;(393, 290);(394, 291);1.414213562;;;;;;
1807;(393, 290);(393, 289);1;;;;;;
1808;(393, 289);(394, 290);1.414213562;;;;;;
1809;(394, 288);(393, 288);1;;;;;;
1810;(394, 287);(393, 287);1;;;;;;
1811;(396, 286);(395, 287);1.414213562;;;;;;
1812;(396, 284);(396, 284);0;;;;;;
1813;(397, 284);(398, 283);1.414213562;;;;;;
1814;(397, 283);(397, 282);1;;;;;;
1815;(398, 282);(398, 282);0;;;;;;
1816;(398, 282);(398, 282);0;;;;;;
1817;(398, 282);(398, 282);0;;;;;;
1818;(398, 282);(397, 281);1.414213562;;;;;;
1819;(398, 281);(399, 281);1;;;;;;
1820;(398, 281);(399, 281);1;;;;;;
1821;(398, 280);(398, 280);0;;;;;;
1822;(398, 280);(399, 281);1.414213562;;;;;;
1823;(398, 280);(399, 281);1.414213562;;;;;;
1824;(398, 280);(399, 281);1.414213562;;;;;;
1825;(398, 280);(398, 280);0;;;;;;
1826;(397, 280);(398, 280);1;;;;;;
1827;(396, 280);(397, 279);1.414213562;;;;;;
1828;(396, 280);(397, 280);1;;;;;;
1829;(396, 280);(396, 279);1;;;;;;
1830;(396, 280);(397, 280);1;;;;;;
1831;(396, 280);(397, 280);1;;;;;;
1832;(395, 280);(396, 280);1;;;;;;
1833;(394, 280);(395, 280);1;;;;;;
1834;(394, 280);(396, 280);2;;;;;;
1835;(394, 280);(394, 279);1;;;;;;
1836;(394, 280);(395, 280);1;;;;;;
1837;(394, 280);(393, 279);1.414213562;;;;;;
1838;(393, 280);(393, 279);1;;;;;;
1839;(392, 280);None;None;;;;;;
1840;(392, 279);(392, 279);0;;;;;;
1841;(391, 279);(391, 278);1;;;;;;
1842;(390, 278);(390, 278);0;;;;;;
1843;(390, 278);(390, 278);0;;;;;;
1844;(389, 278);(389, 278);0;;;;;;
1845;(388, 278);(388, 277);1;;;;;;
1846;(387, 278);(387, 277);1;;;;;;
1847;(387, 278);(386, 277);1.414213562;;;;;;
1848;(386, 278);(385, 276);2.236067977;;;;;;
1849;(385, 277);(384, 276);1.414213562;;;;;;
1850;(384, 277);(384, 276);1;;;;;;
1851;(382, 276);(382, 276);0;;;;;;
1852;(382, 276);(382, 275);1;;;;;;
1853;(381, 276);(381, 275);1;;;;;;
1854;(380, 276);(380, 275);1;;;;;;
1855;(379, 275);(379, 274);1;;;;;;
1856;(378, 274);(378, 274);0;;;;;;
1857;(376, 274);(376, 274);0;;;;;;
1858;(375, 274);(374, 274);1;;;;;;
1859;(374, 275);(374, 275);0;;;;;;
1860;(372, 275);(373, 274);1.414213562;;;;;;
1861;(372, 275);(372, 274);1;;;;;;
1862;(370, 274);(371, 274);1;;;;;;
1863;(370, 274);(369, 273);1.414213562;;;;;;
1864;(368, 274);(369, 273);1.414213562;;;;;;
1865;(368, 273);(368, 272);1;;;;;;
1866;(366, 273);(366, 272);1;;;;;;
1867;(365, 272);(365, 272);0;;;;;;
1868;(364, 272);(364, 271);1;;;;;;
1869;(363, 272);(363, 271);1;;;;;;
1870;(361, 271);(360, 270);1.414213562;;;;;;
1871;(359, 270);(358, 269);1.414213562;;;;;;
1872;(358, 270);(357, 269);1.414213562;;;;;;
1873;(356, 269);(356, 268);1;;;;;;
1874;(354, 268);(354, 268);0;;;;;;
1875;(353, 268);(353, 268);0;;;;;;
1876;(352, 268);(352, 267);1;;;;;;
1877;(350, 267);(350, 267);0;;;;;;
1878;(349, 267);(349, 266);1;;;;;;
1879;(347, 266);(347, 266);0;;;;;;
1880;(346, 266);(346, 266);0;;;;;;
1881;(344, 266);(345, 266);1;;;;;;
1882;(342, 265);(343, 265);1;;;;;;
1883;(341, 265);(342, 265);1;;;;;;
1884;(340, 265);(340, 264);1;;;;;;
1885;(338, 265);(339, 264);1.414213562;;;;;;
1886;(337, 265);(338, 264);1.414213562;;;;;;
1887;(336, 264);(336, 264);0;;;;;;
1888;(333, 264);(334, 264);1;;;;;;
1889;(331, 264);(331, 263);1;;;;;;
1890;(329, 263);None;None;;;;;;
1891;(327, 262);(328, 263);1.414213562;;;;;;
1892;(325, 262);(326, 262);1;;;;;;
1893;(324, 262);(325, 262);1;;;;;;
1894;(322, 261);(322, 261);0;;;;;;
1895;(320, 261);(320, 261);0;;;;;;
1896;(319, 260);(319, 260);0;;;;;;
1897;(318, 260);(317, 260);1;;;;;;
1898;(316, 260);(315, 260);1;;;;;;
1899;(314, 260);(314, 259);1;;;;;;
1900;(313, 260);(313, 259);1;;;;;;
1901;(312, 260);(311, 259);1.414213562;;;;;;
1902;(310, 260);(310, 258);2;;;;;;
1903;(309, 259);(308, 258);1.414213562;;;;;;
1904;(307, 258);(307, 257);1;;;;;;
1905;(306, 258);(306, 257);1;;;;;;
1906;(305, 258);(304, 257);1.414213562;;;;;;
1907;(304, 258);(303, 257);1.414213562;;;;;;
1908;(302, 258);(302, 256);2;;;;;;
1909;(301, 257);(299, 257);2;;;;;;
1910;(299, 256);(298, 256);1;;;;;;
1911;(297, 256);(297, 256);0;;;;;;
1912;(296, 256);(295, 256);1;;;;;;
1913;(294, 256);(294, 255);1;;;;;;
1914;(293, 256);(293, 255);1;;;;;;
1915;(291, 257);(292, 256);1.414213562;;;;;;
1916;(288, 258);(289, 257);1.414213562;;;;;;
1917;(286, 260);(286, 259);1;;;;;;
1918;(285, 260);(285, 260);0;;;;;;
1919;(284, 260);(283, 259);1.414213562;;;;;;
1920;(282, 260);(282, 259);1;;;;;;
1921;(281, 260);(281, 260);0;;;;;;
1922;(280, 260);(280, 259);1;;;;;;
1923;(279, 260);(279, 260);0;;;;;;
1924;(278, 260);(278, 259);1;;;;;;
1925;(277, 260);(277, 259);1;;;;;;
1926;(276, 260);(276, 259);1;;;;;;
1927;(275, 260);(275, 260);0;;;;;;
1928;(274, 260);(274, 260);0;;;;;;
1929;(274, 260);(273, 260);1;;;;;;
1930;(273, 260);(272, 260);1;;;;;;
1931;(272, 260);(272, 260);0;;;;;;
1932;(271, 260);(271, 260);0;;;;;;
1933;(270, 260);(270, 260);0;;;;;;
1934;(269, 260);(268, 259);1.414213562;;;;;;
1935;(268, 260);(267, 259);1.414213562;;;;;;
1936;(268, 259);None;None;;;;;;
1937;(267, 259);(265, 259);2;;;;;;
1938;(266, 258);(264, 259);2.236067977;;;;;;
1939;(265, 259);(263, 258);2.236067977;;;;;;
1940;(264, 259);(263, 258);1.414213562;;;;;;
1941;(264, 259);None;None;;;;;;
1942;(262, 259);None;None;;;;;;
1943;(262, 258);(260, 258);2;;;;;;
1944;(260, 258);(259, 258);1;;;;;;
1945;(260, 258);(259, 258);1;;;;;;
1946;(259, 258);None;None;;;;;;
1947;(258, 258);(257, 259);1.414213562;;;;;;
1948;(257, 258);(256, 257);1.414213562;;;;;;
1949;(256, 257);(255, 257);1;;;;;;
1950;(256, 257);None;None;;;;;;
1951;(254, 257);(254, 258);1;;;;;;
1952;(254, 257);(253, 257);1;;;;;;
1953;(252, 257);(252, 257);0;;;;;;
1954;(252, 257);(251, 258);1.414213562;;;;;;
1955;(252, 257);(251, 258);1.414213562;;;;;;
1956;(251, 257);(250, 258);1.414213562;;;;;;
1957;(250, 257);(249, 257);1;;;;;;
1958;(249, 257);(249, 258);1;;;;;;
1959;(248, 256);(248, 258);2;;;;;;
1960;(248, 257);None;None;;;;;;
1961;(247, 257);(247, 258);1;;;;;;
1962;(246, 258);(245, 257);1.414213562;;;;;;
1963;(246, 258);None;None;;;;;;
1964;(245, 258);(245, 257);1;;;;;;
1965;(244, 258);(244, 257);1;;;;;;
1966;(244, 258);(244, 258);0;;;;;;
1967;(244, 258);(244, 259);1;;;;;;
1968;(243, 258);None;None;;;;;;
1969;(243, 258);None;None;;;;;;
1970;(243, 258);None;None;;;;;;
1971;(242, 258);(242, 257);1;;;;;;
1972;(242, 258);(241, 257);1.414213562;;;;;;
1973;(241, 258);(240, 257);1.414213562;;;;;;
1974;(240, 258);(240, 257);1;;;;;;
1975;(240, 258);(240, 258);0;;;;;;
1976;(240, 258);(239, 257);1.414213562;;;;;;
1977;(240, 258);None;None;;;;;;
1978;(239, 257);(238, 257);1;;;;;;
1979;(239, 257);(238, 257);1;;;;;;
1980;(238, 257);(239, 257);1;;;;;;
1981;(238, 256);(238, 257);1;;;;;;
1982;(238, 256);(238, 255);1;;;;;;
1983;(238, 256);(238, 255);1;;;;;;
1984;(237, 253);(236, 253);1;;;;;;
1985;(236, 250);(235, 248);2.236067977;;;;;;
1986;(235, 248);(235, 247);1;;;;;;
1987;(235, 247);(235, 247);0;;;;;;
1988;(236, 246);(234, 245);2.236067977;;;;;;
1989;(236, 246);(235, 245);1.414213562;;;;;;
1990;(236, 245);(235, 245);1;;;;;;
1991;(236, 244);(235, 244);1;;;;;;
1992;(236, 243);(235, 243);1;;;;;;
1993;(236, 243);(235, 244);1.414213562;;;;;;
1994;(236, 243);(235, 243);1;;;;;;
1995;(236, 243);(235, 243);1;;;;;;
1996;(236, 243);(235, 242);1.414213562;;;;;;
1997;(236, 243);(235, 242);1.414213562;;;;;;
1998;(236, 243);(235, 243);1;;;;;;
