frame,label,measured,inside Roi,error
0,"(334, 305)","(241, 233)",True,117.61377470347595
1,"(334, 305)","(237, 205)",True,139.31618714277246
2,"(334, 304)","(229, 201)",True,147.08500943332058
3,"(333, 304)","(333, 304)",True,0.0
4,"(333, 303)","(241, 205)",True,134.41726079637243
5,"(333, 303)","(333, 304)",True,1.0
6,"(333, 303)","(332, 304)",True,1.4142135623730951
7,"(333, 303)","(331, 305)",True,2.8284271247461903
8,"(333, 302)","(237, 233)",True,118.22436297142819
9,"(333, 302)","(241, 205)",True,133.6899397860587
10,"(333, 302)","(330, 304)",True,3.605551275463989
11,"(333, 302)","(241, 225)",True,119.97082978791136
12,"(333, 302)","(332, 302)",True,1.0
13,"(332, 302)","(229, 237)",True,121.79490958164057
14,"(332, 302)","(330, 303)",True,2.23606797749979
15,"(332, 302)","(330, 303)",True,2.23606797749979
16,"(332, 302)","(237, 201)",True,138.6578522839583
17,"(332, 302)","(245, 221)",True,118.86967653695369
18,"(331, 302)","(331, 302)",True,0.0
19,"(331, 302)","(241, 209)",True,129.41792766073794
20,"(331, 302)","(241, 209)",True,129.41792766073794
21,"(331, 302)","(330, 302)",True,1.0
22,"(331, 301)","(330, 301)",True,1.0
23,"(330, 301)","(237, 225)",True,120.10412149464314
24,"(330, 300)","(329, 301)",True,1.4142135623730951
25,"(330, 300)","(330, 300)",True,0.0
26,"(330, 300)","(233, 201)",True,138.6001443000692
27,"(330, 299)","(205, 173)",True,177.48521065147935
28,"(329, 299)","(237, 225)",True,118.06777714516353
29,"(329, 298)","(241, 209)",True,125.15989773086265
30,"(329, 298)","(328, 298)",True,1.0
31,"(329, 298)","(197, 205)",True,161.47135968957468
32,"(329, 298)","(328, 299)",True,1.4142135623730951
33,"(328, 298)","(328, 299)",True,1.0
34,"(328, 298)","(233, 197)",True,138.6578522839583
35,"(328, 298)","(328, 298)",True,0.0
36,"(328, 298)","(237, 201)",True,133.00375934536586
37,"(328, 298)","(327, 298)",True,1.0
38,"(328, 297)","(241, 217)",True,118.1905241548577
39,"(328, 297)","(233, 225)",True,119.20151005754919
40,"(328, 297)","(237, 225)",True,116.03878661895772
41,"(328, 296)","(237, 201)",True,131.55227098001768
42,"(328, 296)","(326, 297)",True,2.23606797749979
43,"(327, 295)","(201, 217)",True,148.18906842274163
44,"(327, 295)","(237, 221)",True,116.51609330903607
45,"(327, 294)","(326, 294)",True,1.0
46,"(327, 293)","(326, 294)",True,1.4142135623730951
47,"(327, 293)","(326, 293)",True,1.0
48,"(326, 292)","(325, 293)",True,1.4142135623730951
49,"(326, 292)","(233, 217)",True,119.47384651043926
50,"(326, 291)","(325, 291)",True,1.0
51,"(326, 290)","(241, 205)",True,120.20815280171308
52,"(326, 290)","(325, 290)",True,1.0
53,"(326, 289)","(237, 197)",True,128.00390619039717
54,"(326, 289)","(325, 289)",True,1.0
55,"(326, 288)","(237, 205)",True,121.69634341261039
56,"(326, 288)","(325, 288)",True,1.0
57,"(326, 288)","(325, 288)",True,1.0
58,"(326, 287)","(325, 288)",True,1.4142135623730951
59,"(326, 287)","(325, 287)",True,1.0
60,"(326, 287)","(325, 287)",True,1.0
61,"(326, 284)","(325, 286)",True,2.23606797749979
62,"(326, 281)","(325, 285)",True,4.123105625617661
63,"(327, 278)","(326, 279)",True,1.4142135623730951
64,"(327, 275)","(327, 274)",True,1.0
65,"(327, 272)","(327, 273)",True,1.0
66,"(327, 271)","(328, 272)",True,1.4142135623730951
67,"(327, 271)","(328, 272)",True,1.4142135623730951
68,"(328, 270)","(328, 271)",True,1.0
69,"(328, 270)","(328, 270)",True,0.0
70,"(328, 269)","(327, 270)",True,1.4142135623730951
71,"(328, 268)","(233, 189)",True,123.5556554755791
72,"(328, 267)","(233, 185)",True,125.49501982150527
73,"(328, 267)","(328, 267)",True,0.0
74,"(328, 266)","(328, 266)",True,0.0
75,"(328, 265)","(328, 265)",True,0.0
76,"(328, 264)","(328, 264)",True,0.0
77,"(328, 263)","(328, 263)",True,0.0
78,"(328, 262)","(328, 262)",True,0.0
79,"(328, 261)","(328, 261)",True,0.0
80,"(328, 260)","(329, 260)",True,1.0
81,"(328, 259)","(327, 260)",True,1.4142135623730951
82,"(328, 258)","(329, 259)",True,1.4142135623730951
83,"(328, 258)","(329, 258)",True,1.0
84,"(328, 257)","(328, 257)",True,0.0
85,"(328, 256)","(329, 257)",True,1.4142135623730951
86,"(329, 255)","(328, 256)",True,1.4142135623730951
87,"(329, 254)","(330, 255)",True,1.4142135623730951
88,"(330, 254)","(329, 254)",True,1.0
89,"(330, 253)","(330, 253)",True,0.0
90,"(331, 252)","(330, 253)",True,1.4142135623730951
91,"(331, 251)","(330, 251)",True,1.0
92,"(331, 251)","(331, 250)",True,1.0
93,"(331, 250)","(331, 249)",True,1.0
94,"(331, 250)","(331, 249)",True,1.0
95,"(331, 249)","(233, 177)",True,121.60592090848209
96,"(331, 248)","(331, 247)",True,1.0
97,"(331, 247)","(331, 247)",True,0.0
98,"(332, 247)","(329, 244)",True,4.242640687119285
99,"(332, 246)","(331, 244)",True,2.23606797749979
100,"(332, 245)","(331, 244)",True,1.4142135623730951
101,"(332, 244)","(331, 243)",True,1.4142135623730951
102,"(332, 244)","(331, 243)",True,1.4142135623730951
103,"(332, 243)","(331, 243)",True,1.0
104,"(332, 243)","(331, 242)",True,1.4142135623730951
105,"(332, 242)","(209, 97)",True,190.14205216100936
106,"(332, 242)","(331, 241)",True,1.4142135623730951
107,"(332, 241)","(331, 241)",True,1.0
108,"(331, 241)","(331, 241)",True,0.0
109,"(331, 240)","(331, 240)",True,0.0
110,"(331, 240)","(331, 240)",True,0.0
111,"(332, 239)","(331, 240)",True,1.4142135623730951
112,"(333, 239)","(332, 238)",True,1.4142135623730951
113,"(335, 238)","(332, 239)",True,3.1622776601683795
114,"(336, 238)","(336, 236)",True,2.0
115,"(337, 237)","(337, 236)",True,1.0
116,"(338, 235)","(337, 235)",True,1.0
117,"(338, 236)","(337, 236)",True,1.0
118,"(339, 236)","(337, 235)",True,2.23606797749979
119,"(338, 236)","(337, 235)",True,1.4142135623730951
120,"(339, 236)","(338, 236)",True,1.0
121,"(340, 238)","(338, 235)",True,3.605551275463989
122,"(336, 236)","(338, 236)",True,2.0
123,"(337, 237)","(338, 235)",True,2.23606797749979
124,"(337, 237)","(338, 236)",True,1.4142135623730951
125,"(337, 237)","(338, 236)",True,1.4142135623730951
126,"(337, 237)","(338, 237)",True,1.0
127,"(337, 237)","(338, 237)",True,1.0
128,"(337, 238)","(338, 237)",True,1.4142135623730951
129,"(337, 238)","(338, 237)",True,1.4142135623730951
130,"(337, 238)","(338, 237)",True,1.4142135623730951
131,"(337, 239)","(338, 238)",True,1.4142135623730951
132,"(337, 239)","(233, 157)",True,132.43866504914644
133,"(338, 240)","(338, 239)",True,1.0
134,"(338, 240)","(338, 239)",True,1.0
135,"(338, 241)","(338, 240)",True,1.0
136,"(338, 241)","(339, 241)",True,1.0
137,"(338, 241)","(339, 241)",True,1.0
138,"(339, 242)","(339, 241)",True,1.0
139,"(339, 242)","(339, 241)",True,1.0
140,"(339, 242)","(339, 241)",True,1.0
141,"(339, 242)","(340, 241)",True,1.4142135623730951
142,"(339, 243)","(340, 242)",True,1.4142135623730951
143,"(339, 243)","(340, 242)",True,1.4142135623730951
144,"(339, 244)","(341, 242)",True,2.8284271247461903
145,"(339, 244)","(341, 243)",True,2.23606797749979
146,"(339, 244)","(341, 243)",True,2.23606797749979
147,"(339, 244)","(342, 243)",True,3.1622776601683795
148,"(339, 243)","(221, 101)",True,184.62935844550833
149,"(339, 243)","(343, 242)",True,4.123105625617661
150,"(339, 243)","(343, 242)",True,4.123105625617661
151,"(341, 244)","(344, 242)",True,3.605551275463989
152,"(344, 245)","(225, 101)",True,186.80738743422327
153,"(346, 246)","(344, 242)",True,4.47213595499958
154,"(349, 247)","(347, 244)",True,3.605551275463989
155,"(351, 248)","(352, 248)",True,1.0
156,"(352, 249)","(353, 248)",True,1.4142135623730951
157,"(353, 249)","(354, 248)",True,1.4142135623730951
158,"(355, 250)","(355, 249)",True,1.0
159,"(356, 250)","(356, 250)",True,0.0
160,"(357, 251)","(357, 250)",True,1.0
161,"(358, 251)","(245, 161)",True,144.46106741956464
162,"(359, 251)","(358, 250)",True,1.4142135623730951
163,"(359, 252)","(233, 113)",True,187.608635195718
164,"(360, 252)","(241, 157)",True,152.2694979304785
165,"(361, 252)","(241, 157)",True,153.05227865013967
166,"(362, 252)","(245, 161)",True,148.22280526288793
167,"(363, 253)","(241, 157)",True,155.24174696260025
168,"(364, 253)","(241, 157)",True,156.02884348735012
169,"(365, 254)","(363, 253)",True,2.23606797749979
170,"(366, 254)","(237, 117)",True,188.1754500459611
171,"(367, 254)","(241, 141)",True,169.24833824885843
172,"(368, 255)","(241, 145)",True,168.01488029338353
173,"(368, 255)","(245, 157)",True,157.26728839781018
174,"(369, 256)","(241, 145)",True,169.42549985170473
175,"(370, 256)","(253, 145)",True,161.27616066858735
176,"(371, 256)","(253, 145)",True,162.00308639035245
177,"(372, 257)","(245, 149)",True,166.71232707871366
178,"(372, 257)","(245, 149)",True,166.71232707871366
179,"(373, 258)","(372, 257)",True,1.4142135623730951
180,"(374, 258)","(253, 161)",True,155.08062419270823
181,"(375, 259)","(253, 161)",True,156.48642113614844
182,"(376, 260)","(249, 149)",True,168.67127793433
183,"(378, 260)","(249, 145)",True,172.81782315490494
184,"(379, 261)","(257, 161)",True,157.74663229368798
185,"(380, 262)","(253, 149)",True,169.9941175452845
186,"(383, 265)","(257, 153)",True,168.58232410309213
187,"(386, 268)","(381, 263)",True,7.0710678118654755
188,"(389, 271)","(261, 153)",True,174.0919297382851
189,"(392, 274)","(297, 193)",True,124.84390253432484
190,"(395, 277)","(297, 197)",True,126.50691680694776
191,"(396, 278)","(301, 193)",True,127.47548783981962
192,"(397, 278)","(301, 193)",True,128.22246293064254
193,"(399, 279)","(301, 193)",True,130.38404810405297
194,"(400, 279)","(301, 197)",True,128.5496013218244
195,"(401, 280)","(305, 193)",True,129.5569372901351
196,"(402, 280)","(305, 193)",True,130.29965464267354
197,"(402, 281)","(305, 193)",True,130.96946208945045
198,"(403, 281)","(305, 193)",True,131.71180660821565
199,"(403, 282)","(305, 197)",True,129.72663566130126
200,"(404, 282)","(305, 197)",True,130.4837154590564
201,"(405, 282)","(305, 197)",True,131.24404748406687
202,"(406, 283)","(309, 197)",True,129.634100452003
203,"(407, 283)","(309, 197)",True,130.38404810405297
204,"(408, 284)","(309, 197)",True,131.79529581893277
205,"(409, 284)","(309, 197)",True,132.5481044753187
206,"(409, 284)","(309, 197)",True,132.5481044753187
207,"(410, 284)","(309, 197)",True,133.30416347586447
208,"(410, 284)","(309, 197)",True,133.30416347586447
209,"(411, 284)","(309, 197)",True,134.06341782902598
210,"(411, 284)","(313, 197)",True,131.04579352272242
211,"(411, 285)","(313, 197)",True,131.71180660821565
212,"(411, 285)","(313, 197)",True,131.71180660821565
213,"(412, 286)","(313, 197)",True,133.12400234367956
214,"(412, 286)","(309, 197)",True,136.12494260788506
215,"(412, 287)","(313, 197)",True,133.79461872586654
216,"(412, 287)","(313, 197)",True,133.79461872586654
217,"(413, 288)","(309, 197)",True,138.19189556555045
218,"(413, 288)","(309, 197)",True,138.19189556555045
219,"(414, 289)","(309, 197)",True,139.6030085635693
220,"(414, 289)","(309, 197)",True,139.6030085635693
221,"(414, 290)","(309, 197)",True,140.2640367307315
222,"(414, 290)","(309, 197)",True,140.2640367307315
223,"(415, 291)","(305, 197)",True,144.69277798148738
224,"(415, 291)","(309, 197)",True,141.6756859873987
225,"(416, 290)","(309, 197)",True,141.76741515595182
226,"(416, 291)","(305, 197)",True,145.45446022724775
227,"(416, 291)","(305, 197)",True,145.45446022724775
228,"(417, 292)","(305, 197)",True,146.8638825579659
229,"(417, 293)","(305, 197)",True,147.5127113166862
230,"(420, 294)","(313, 201)",True,141.76741515595182
231,"(421, 294)","(313, 201)",True,142.52368224263643
232,"(421, 296)","(313, 201)",True,143.83671297690307
233,"(420, 295)","(313, 201)",True,142.42541907960108
234,"(421, 295)","(313, 201)",True,143.17821063276352
235,"(421, 296)","(442, 222)",True,76.92203845452875
236,"(421, 294)","(313, 201)",True,142.52368224263643
237,"(420, 293)","(313, 201)",True,141.1134295522577
238,"(420, 295)","(313, 201)",True,142.42541907960108
239,"(421, 296)","(313, 201)",True,143.83671297690307
240,"(421, 294)","(313, 201)",True,142.52368224263643
241,"(420, 295)","(317, 201)",True,139.44532978913278
242,"(421, 294)","(313, 201)",True,142.52368224263643
243,"(420, 295)","(313, 201)",True,142.42541907960108
244,"(419, 296)","(313, 201)",True,142.3411395205195
245,"(420, 297)","(313, 201)",True,143.75326083258076
246,"(421, 296)","(313, 201)",True,143.83671297690307
247,"(420, 298)","(313, 201)",True,144.42298985964803
248,"(420, 298)","(313, 201)",True,144.42298985964803
249,"(421, 298)","(313, 201)",True,145.16542288024377
250,"(420, 297)","(313, 201)",True,143.75326083258076
251,"(420, 299)","(313, 201)",True,145.09651959988565
252,"(420, 297)","(313, 201)",True,143.75326083258076
253,"(420, 302)","(313, 201)",True,147.13938969562162
254,"(419, 301)","(313, 201)",True,145.72576985557495
255,"(419, 300)","(313, 201)",True,145.04137340772803
256,"(419, 304)","(309, 201)",True,150.6950563223625
257,"(418, 304)","(313, 205)",True,144.31216164966833
258,"(419, 305)","(309, 217)",True,140.86873322352267
259,"(420, 308)","(313, 205)",True,148.51935900750448
260,"(420, 308)","(313, 205)",True,148.51935900750448
261,"(419, 306)","(317, 205)",True,143.54441821262157
262,"(420, 314)","(309, 221)",True,144.81022063376605
263,"(420, 319)","(313, 209)",True,153.45683432157722
264,"(419, 321)","(420, 329)",True,8.06225774829855
265,"(418, 322)","(309, 217)",True,151.34728276384746
266,"(419, 322)","(419, 330)",True,8.0
267,"(418, 325)","(309, 217)",True,153.44380078712857
268,"(419, 327)","(305, 209)",True,164.07315441594946
269,"(418, 326)","(301, 233)",True,149.4590244849738
270,"(418, 326)","(297, 225)",True,157.61345120261785
271,"(417, 328)","(305, 209)",True,163.41664541900252
272,"(417, 327)","(417, 333)",True,6.0
273,"(418, 329)","(417, 335)",True,6.082762530298219
274,"(416, 330)","(305, 209)",True,164.20109622045769
275,"(416, 329)","(309, 221)",True,152.029602380589
276,"(415, 331)","(309, 213)",True,158.61904047118682
277,"(416, 331)","(416, 334)",True,3.0
278,"(415, 332)","(416, 334)",True,2.23606797749979
279,"(415, 331)","(301, 241)",True,145.24462124292245
280,"(415, 330)","(309, 213)",True,157.87653403846943
281,"(416, 334)","(416, 337)",True,3.0
282,"(413, 333)","(415, 336)",True,3.605551275463989
283,"(413, 331)","(415, 336)",True,5.385164807134504
284,"(415, 333)","(414, 336)",True,3.1622776601683795
285,"(413, 333)","(414, 339)",True,6.082762530298219
286,"(413, 331)","(414, 338)",True,7.0710678118654755
287,"(414, 334)","(414, 338)",True,4.0
288,"(413, 337)","(309, 213)",True,161.83942659315127
289,"(413, 336)","(413, 339)",True,3.0
290,"(412, 338)","(297, 233)",True,155.72411502397438
291,"(413, 337)","(412, 339)",True,2.23606797749979
292,"(411, 340)","(305, 229)",True,153.48289807011074
293,"(411, 340)","(309, 217)",True,159.7904878270293
294,"(410, 340)","(411, 341)",True,1.4142135623730951
295,"(410, 340)","(412, 342)",True,2.8284271247461903
296,"(410, 340)","(305, 217)",True,161.72198366332265
297,"(409, 341)","(411, 340)",True,2.23606797749979
298,"(409, 341)","(305, 225)",True,155.79473675320358
299,"(408, 342)","(410, 341)",True,2.23606797749979
300,"(408, 342)","(409, 341)",True,1.4142135623730951
301,"(408, 341)","(409, 341)",True,1.0
302,"(407, 340)","(408, 341)",True,1.4142135623730951
303,"(407, 340)","(408, 340)",True,1.0
304,"(406, 339)","(305, 225)",True,152.3056138164316
305,"(406, 338)","(305, 217)",True,157.61345120261785
306,"(405, 337)","(293, 253)",True,140.0
307,"(405, 336)","(405, 340)",True,4.0
308,"(404, 336)","(297, 257)",True,133.00375934536586
309,"(404, 335)","(301, 233)",True,144.9586147836685
310,"(403, 334)","(403, 336)",True,2.0
311,"(402, 332)","(293, 245)",True,139.46325680981354
312,"(401, 330)","(399, 331)",True,2.23606797749979
313,"(399, 328)","(301, 209)",True,154.1590088188167
314,"(398, 326)","(289, 245)",True,135.80132547217644
315,"(397, 324)","(293, 245)",True,130.60245020672468
316,"(397, 323)","(269, 213)",True,168.77203559831824
317,"(396, 323)","(487, 424)",True,135.94851966829208
318,"(396, 322)","(289, 245)",True,131.8256424221024
319,"(395, 322)","(289, 245)",True,131.01526628603247
320,"(395, 321)","(289, 241)",True,132.80060240827223
321,"(394, 321)","(293, 237)",True,131.36590120727678
322,"(393, 320)","(484, 424)",True,138.19189556555045
323,"(393, 320)","(289, 241)",True,130.60245020672468
324,"(392, 319)","(289, 237)",True,131.65485179058157
325,"(391, 319)","(289, 237)",True,130.87398519186308
326,"(390, 318)","(457, 277)",True,78.54934754662193
327,"(389, 318)","(297, 221)",True,133.6899397860587
328,"(389, 317)","(388, 320)",True,3.1622776601683795
329,"(388, 317)","(297, 221)",True,132.27622613304328
330,"(387, 316)","(386, 319)",True,3.1622776601683795
331,"(386, 316)","(384, 319)",True,3.605551275463989
332,"(385, 315)","(484, 421)",True,145.04137340772803
333,"(384, 315)","(253, 201)",True,173.65770930194836
334,"(383, 314)","(253, 205)",True,169.64963896218583
335,"(382, 314)","(253, 209)",True,166.33099530754933
336,"(381, 313)","(293, 209)",True,136.23509092741122
337,"(380, 312)","(377, 314)",True,3.605551275463989
338,"(378, 311)","(376, 313)",True,2.8284271247461903
339,"(377, 310)","(281, 229)",True,125.60652849274993
340,"(376, 309)","(374, 310)",True,2.23606797749979
341,"(375, 308)","(372, 310)",True,3.605551275463989
342,"(373, 307)","(370, 309)",True,3.605551275463989
343,"(372, 306)","(370, 307)",True,2.23606797749979
344,"(370, 305)","(368, 307)",True,2.8284271247461903
345,"(369, 304)","(261, 229)",True,131.48764200486676
346,"(367, 303)","(366, 303)",True,1.0
347,"(365, 302)","(253, 217)",True,140.60227594174995
348,"(364, 300)","(361, 302)",True,3.605551275463989
349,"(362, 299)","(360, 300)",True,2.23606797749979
350,"(360, 298)","(358, 299)",True,2.23606797749979
351,"(358, 297)","(357, 298)",True,1.4142135623730951
352,"(357, 296)","(241, 201)",True,149.93665329064805
353,"(355, 294)","(355, 295)",True,1.0
354,"(354, 293)","(352, 294)",True,2.23606797749979
355,"(352, 292)","(351, 293)",True,1.4142135623730951
356,"(350, 291)","(346, 291)",True,4.0
357,"(347, 290)","(344, 290)",True,3.0
358,"(345, 289)","(344, 289)",True,1.0
359,"(342, 288)","(341, 289)",True,1.4142135623730951
360,"(340, 287)","(339, 288)",True,1.4142135623730951
361,"(337, 286)","(337, 286)",True,0.0
362,"(335, 285)","(335, 285)",True,0.0
363,"(332, 283)","(197, 161)",True,181.95878654244757
364,"(330, 282)","(193, 161)",True,182.7840255602223
365,"(327, 281)","(326, 282)",True,1.4142135623730951
366,"(323, 280)","(189, 157)",True,181.89282558693733
367,"(319, 279)","(322, 280)",True,3.1622776601683795
368,"(315, 278)","(181, 153)",True,183.25119372053214
369,"(311, 277)","(181, 165)",True,171.5925406304132
370,"(307, 276)","(173, 161)",True,176.58142597679972
371,"(304, 275)","(300, 275)",True,4.0
372,"(301, 274)","(173, 157)",True,173.4156855650607
373,"(299, 273)","(296, 272)",True,3.1622776601683795
374,"(296, 272)","(293, 272)",True,3.0
375,"(293, 271)","(291, 271)",True,2.0
376,"(291, 270)","(289, 271)",True,2.23606797749979
377,"(289, 269)","(287, 270)",True,2.23606797749979
378,"(286, 269)","(285, 269)",True,1.0
379,"(284, 268)","(283, 268)",True,1.0
380,"(282, 267)","(281, 267)",True,1.0
381,"(279, 266)","(279, 267)",True,1.0
382,"(277, 265)","(277, 266)",True,1.0
383,"(274, 265)","(275, 265)",True,1.0
384,"(272, 264)","(274, 265)",True,2.23606797749979
385,"(269, 263)","(269, 263)",True,0.0
386,"(267, 262)","(268, 263)",True,1.4142135623730951
387,"(265, 262)","(266, 262)",True,1.0
388,"(264, 261)","(263, 261)",True,1.0
389,"(262, 261)","(261, 261)",True,1.0
390,"(260, 260)","(259, 260)",True,1.0
391,"(258, 259)","(257, 259)",True,1.0
392,"(256, 259)","(255, 258)",True,1.4142135623730951
393,"(253, 258)","(253, 258)",True,0.0
394,"(251, 258)","(252, 257)",True,1.4142135623730951
395,"(249, 257)","(249, 256)",True,1.0
396,"(247, 257)","(247, 256)",True,1.0
397,"(245, 256)","(245, 256)",True,0.0
398,"(244, 256)","(243, 255)",True,1.4142135623730951
399,"(242, 255)","(241, 255)",True,1.0
400,"(240, 255)","(240, 254)",True,1.0
401,"(237, 255)","(238, 254)",True,1.4142135623730951
402,"(233, 254)","(236, 253)",True,3.1622776601683795
403,"(230, 254)","(234, 253)",True,4.123105625617661
404,"(226, 253)","(230, 253)",True,4.0
405,"(223, 253)","(224, 253)",True,1.0
406,"(221, 253)","(221, 252)",True,1.0
407,"(220, 252)","(220, 252)",True,0.0
408,"(218, 252)","(218, 252)",True,0.0
409,"(217, 251)","(216, 251)",True,1.0
410,"(215, 251)","(214, 250)",True,1.4142135623730951
411,"(214, 251)","(213, 250)",True,1.4142135623730951
412,"(213, 250)","(212, 250)",True,1.0
413,"(211, 250)","(211, 250)",True,0.0
414,"(210, 249)","(210, 250)",True,1.0
415,"(209, 249)","(209, 250)",True,1.0
416,"(208, 249)","(208, 249)",True,0.0
417,"(207, 249)","(207, 249)",True,0.0
418,"(206, 248)","(206, 249)",True,1.0
419,"(205, 248)","(205, 248)",True,0.0
420,"(204, 248)","(204, 248)",True,0.0
421,"(203, 248)","(203, 248)",True,0.0
422,"(202, 247)","(202, 247)",True,0.0
423,"(202, 247)","(201, 247)",True,1.0
424,"(201, 246)","(200, 247)",True,1.4142135623730951
425,"(200, 246)","(200, 246)",True,0.0
426,"(200, 245)","(199, 246)",True,1.4142135623730951
427,"(199, 244)","(199, 245)",True,1.0
428,"(199, 244)","(199, 244)",True,0.0
429,"(198, 243)","(198, 244)",True,1.0
430,"(198, 242)","(198, 243)",True,1.0
431,"(199, 240)","(198, 242)",True,2.23606797749979
432,"(199, 238)","(198, 239)",True,1.4142135623730951
433,"(200, 236)","(200, 235)",True,1.0
434,"(200, 234)","(201, 233)",True,1.4142135623730951
435,"(201, 232)","(201, 233)",True,1.0
436,"(201, 232)","(201, 232)",True,0.0
437,"(201, 231)","(201, 232)",True,1.0
438,"(201, 231)","(201, 231)",True,0.0
439,"(201, 230)","(201, 231)",True,1.0
440,"(201, 230)","(200, 231)",True,1.4142135623730951
441,"(201, 230)","(200, 230)",True,1.0
442,"(200, 230)","(200, 230)",True,0.0
443,"(200, 229)","(200, 230)",True,1.0
444,"(199, 229)","(199, 230)",True,1.0
445,"(199, 229)","(199, 230)",True,1.0
446,"(199, 229)","(199, 230)",True,1.0
447,"(199, 229)","(199, 230)",True,1.0
448,"(198, 230)","(199, 230)",True,1.0
449,"(198, 230)","(199, 230)",True,1.0
450,"(198, 230)","(198, 231)",True,1.0
451,"(198, 231)","(199, 231)",True,1.0
452,"(197, 232)","(198, 231)",True,1.4142135623730951
453,"(197, 232)","(198, 232)",True,1.0
454,"(196, 233)","(198, 233)",True,2.0
455,"(196, 234)","(197, 236)",True,2.23606797749979
456,"(195, 237)","(193, 242)",True,5.385164807134504
457,"(194, 240)","(192, 246)",True,6.324555320336759
458,"(193, 243)","(191, 247)",True,4.47213595499958
459,"(192, 246)","(191, 248)",True,2.23606797749979
460,"(191, 249)","(190, 249)",True,1.0
461,"(191, 250)","(190, 250)",True,1.0
462,"(191, 251)","(190, 250)",True,1.4142135623730951
463,"(190, 251)","(190, 251)",True,0.0
464,"(190, 252)","(190, 252)",True,0.0
465,"(190, 253)","(189, 252)",True,1.4142135623730951
466,"(190, 254)","(189, 253)",True,1.4142135623730951
467,"(190, 255)","(189, 254)",True,1.4142135623730951
468,"(189, 255)","(189, 255)",True,0.0
469,"(189, 256)","(189, 256)",True,0.0
470,"(189, 257)","(188, 256)",True,1.4142135623730951
471,"(189, 258)","(188, 257)",True,1.4142135623730951
472,"(188, 259)","(188, 258)",True,1.0
473,"(188, 259)","(188, 259)",True,0.0
474,"(187, 260)","(188, 260)",True,1.0
475,"(187, 261)","(187, 260)",True,1.0
476,"(187, 262)","(187, 261)",True,1.0
477,"(187, 262)","(187, 261)",True,1.0
478,"(187, 263)","(187, 262)",True,1.0
479,"(187, 263)","(187, 263)",True,0.0
480,"(187, 264)","(186, 264)",True,1.0
481,"(186, 265)","(65, 117)",True,191.1674658512792
482,"(186, 266)","(113, 153)",True,134.52880732393342
483,"(185, 268)","(185, 266)",True,2.0
484,"(185, 269)","(185, 267)",True,2.0
485,"(184, 270)","(184, 269)",True,1.0
486,"(183, 271)","(180, 272)",True,3.1622776601683795
487,"(182, 273)","(61, 125)",True,191.1674658512792
488,"(182, 274)","(179, 275)",True,3.1622776601683795
489,"(181, 276)","(73, 125)",True,185.64751546950473
490,"(180, 277)","(57, 133)",True,189.38056922503955
491,"(180, 278)","(57, 133)",True,190.14205216100936
492,"(180, 278)","(41, 185)",True,167.2423391369542
493,"(179, 279)","(61, 129)",True,190.85072700935672
494,"(179, 279)","(65, 129)",True,188.403821617291
495,"(179, 280)","(57, 133)",True,191.03141102970474
496,"(179, 280)","(65, 129)",True,189.20095137181525
497,"(179, 280)","(178, 279)",True,1.4142135623730951
498,"(180, 280)","(61, 129)",True,192.25503894566717
499,"(180, 280)","(178, 279)",True,2.23606797749979
500,"(180, 280)","(178, 278)",True,2.8284271247461903
501,"(180, 280)","(61, 129)",True,192.25503894566717
502,"(180, 280)","(57, 133)",True,191.67159413955946
503,"(181, 280)","(61, 129)",True,192.87560758167425
504,"(181, 280)","(53, 133)",True,194.91793144808406
505,"(181, 280)","(53, 133)",True,194.91793144808406
506,"(182, 280)","(180, 279)",True,2.23606797749979
507,"(183, 280)","(180, 278)",True,3.605551275463989
508,"(183, 281)","(49, 205)",True,154.0519392932137
509,"(184, 281)","(182, 279)",True,2.8284271247461903
510,"(185, 281)","(73, 129)",True,188.80677953929515
511,"(186, 281)","(185, 280)",True,1.4142135623730951
512,"(187, 281)","(186, 280)",True,1.4142135623730951
513,"(187, 281)","(186, 279)",True,2.23606797749979
514,"(188, 281)","(49, 189)",True,166.68833192518306
515,"(189, 281)","(45, 185)",True,173.0664612222715
516,"(190, 281)","(37, 181)",True,182.7812900709479
517,"(192, 281)","(192, 281)",True,0.0
518,"(193, 281)","(193, 281)",True,0.0
519,"(195, 281)","(77, 129)",True,192.4266093865399
520,"(196, 281)","(77, 129)",True,193.04144632694815
521,"(197, 281)","(196, 281)",True,1.0
522,"(198, 281)","(197, 281)",True,1.0
523,"(200, 282)","(57, 193)",True,168.4339633209407
524,"(201, 282)","(49, 181)",True,182.49657531033287
525,"(202, 282)","(61, 193)",True,166.73931749890306
526,"(203, 282)","(202, 280)",True,2.23606797749979
527,"(205, 282)","(53, 181)",True,182.49657531033287
528,"(206, 282)","(57, 193)",True,173.55690709389816
529,"(208, 282)","(57, 189)",True,177.341478509682
530,"(209, 282)","(145, 173)",True,126.40015822774906
531,"(210, 282)","(137, 169)",True,134.52880732393342
532,"(212, 282)","(149, 173)",True,125.89678312014172
533,"(213, 283)","(69, 197)",True,167.72596698186004
534,"(215, 283)","(145, 177)",True,127.02755606560333
535,"(216, 283)","(153, 173)",True,126.763559432512
536,"(218, 283)","(149, 161)",True,140.1606221447379
537,"(220, 284)","(145, 169)",True,137.2953021774598
538,"(222, 284)","(149, 173)",True,132.85330255586422
539,"(224, 285)","(153, 173)",True,132.60844618650805
540,"(226, 285)","(141, 161)",True,150.3362896974646
541,"(228, 285)","(145, 161)",True,149.21461054467824
542,"(230, 286)","(141, 161)",True,153.44705927452634
543,"(232, 286)","(161, 169)",True,136.8575902169843
544,"(234, 287)","(113, 133)",True,195.8494319624134
545,"(236, 287)","(235, 286)",True,1.4142135623730951
546,"(238, 287)","(85, 173)",True,190.80094339389416
547,"(240, 287)","(239, 287)",True,1.0
548,"(241, 288)","(121, 133)",True,196.02295783912658
549,"(243, 288)","(243, 287)",True,1.0
550,"(245, 288)","(245, 286)",True,2.0
551,"(247, 288)","(247, 287)",True,1.0
552,"(249, 288)","(250, 286)",True,2.23606797749979
553,"(252, 289)","(252, 288)",True,1.0
554,"(254, 289)","(255, 288)",True,1.4142135623730951
555,"(256, 289)","(256, 288)",True,1.0
556,"(258, 289)","(258, 288)",True,1.0
557,"(260, 290)","(261, 288)",True,2.23606797749979
558,"(262, 290)","(262, 289)",True,1.0
559,"(264, 291)","(264, 290)",True,1.0
560,"(266, 291)","(266, 290)",True,1.0
561,"(269, 291)","(270, 291)",True,1.0
562,"(272, 292)","(273, 291)",True,1.4142135623730951
563,"(274, 292)","(274, 291)",True,1.0
564,"(277, 293)","(277, 292)",True,1.0
565,"(280, 293)","(279, 293)",True,1.0
566,"(283, 294)","(280, 293)",True,3.1622776601683795
567,"(287, 295)","(283, 294)",True,4.123105625617661
568,"(290, 296)","(201, 201)",True,130.17680284904833
569,"(294, 297)","(197, 201)",True,136.4734406395618
570,"(297, 298)","(296, 299)",True,1.4142135623730951
571,"(299, 299)","(298, 300)",True,1.4142135623730951
572,"(301, 299)","(185, 225)",True,137.59360450253493
573,"(302, 300)","(300, 301)",True,2.23606797749979
574,"(304, 300)","(302, 302)",True,2.8284271247461903
575,"(306, 301)","(209, 233)",True,118.46096403457132
576,"(307, 302)","(305, 303)",True,2.23606797749979
577,"(309, 303)","(193, 225)",True,139.7855500400524
578,"(310, 303)","(185, 217)",True,151.72672803431834
579,"(312, 304)","(311, 304)",True,1.0
580,"(313, 305)","(185, 217)",True,155.3319027115808
581,"(314, 306)","(193, 221)",True,147.87156589419075
582,"(316, 307)","(193, 217)",True,152.41062955056645
583,"(317, 307)","(315, 309)",True,2.8284271247461903
584,"(319, 308)","(193, 221)",True,153.11760186209813
585,"(320, 309)","(319, 310)",True,1.4142135623730951
586,"(322, 310)","(237, 221)",True,123.0690862889621
587,"(324, 310)","(322, 311)",True,2.23606797749979
588,"(325, 311)","(323, 311)",True,2.0
589,"(327, 311)","(253, 209)",True,126.01587201618692
590,"(329, 312)","(327, 314)",True,2.8284271247461903
591,"(331, 314)","(333, 318)",True,4.47213595499958
592,"(334, 316)","(336, 321)",True,5.385164807134504
593,"(336, 317)","(337, 321)",True,4.123105625617661
594,"(339, 319)","(338, 322)",True,3.1622776601683795
595,"(341, 321)","(249, 225)",True,132.9661611087573
596,"(342, 322)","(341, 324)",True,2.23606797749979
597,"(343, 322)","(343, 324)",True,2.0
598,"(345, 323)","(342, 327)",True,5.0
599,"(346, 323)","(344, 325)",True,2.8284271247461903
600,"(347, 324)","(345, 327)",True,3.605551275463989
601,"(348, 325)","(348, 326)",True,1.0
602,"(349, 325)","(249, 233)",True,135.88230201170424
603,"(351, 326)","(233, 245)",True,143.1258187749506
604,"(352, 326)","(350, 331)",True,5.385164807134504
605,"(353, 327)","(351, 330)",True,3.605551275463989
606,"(354, 327)","(352, 330)",True,3.605551275463989
607,"(355, 328)","(245, 241)",True,140.24621207005913
608,"(355, 328)","(353, 332)",True,4.47213595499958
609,"(356, 329)","(245, 217)",True,157.68639763784319
610,"(357, 329)","(237, 221)",True,161.44348856488452
611,"(358, 330)","(245, 225)",True,154.25303886795876
612,"(358, 330)","(233, 209)",True,173.97126199461795
613,"(359, 331)","(357, 333)",True,2.8284271247461903
614,"(359, 331)","(359, 333)",True,2.0
615,"(360, 332)","(237, 245)",True,150.65855435387664
616,"(361, 333)","(359, 336)",True,3.605551275463989
617,"(362, 334)","(245, 233)",True,154.5639026422405
618,"(364, 336)","(241, 213)",True,173.9482681718907
619,"(365, 337)","(361, 337)",True,4.0
620,"(366, 338)","(249, 257)",True,142.30249470757707
621,"(367, 339)","(368, 344)",True,5.0990195135927845
622,"(368, 340)","(369, 344)",True,4.123105625617661
623,"(370, 342)","(370, 344)",True,2.0
624,"(371, 343)","(245, 257)",True,152.55163060419906
625,"(372, 344)","(370, 346)",True,2.8284271247461903
626,"(372, 344)","(371, 345)",True,1.4142135623730951
627,"(372, 345)","(371, 347)",True,2.23606797749979
628,"(373, 345)","(249, 257)",True,152.0526224699857
629,"(373, 346)","(249, 253)",True,155.0
630,"(373, 346)","(245, 257)",True,155.90060936378666
631,"(373, 346)","(249, 261)",True,150.3362896974646
632,"(374, 347)","(249, 257)",True,154.02921800749363
633,"(374, 347)","(253, 249)",True,155.7080601638849
634,"(375, 348)","(249, 261)",True,153.11760186209813
635,"(375, 348)","(253, 249)",True,157.1146078504478
636,"(375, 348)","(245, 217)",True,184.55622449540954
637,"(375, 348)","(253, 253)",True,154.62535367784935
638,"(375, 348)","(375, 350)",True,2.0
639,"(375, 348)","(375, 350)",True,2.0
640,"(375, 348)","(253, 253)",True,154.62535367784935
641,"(375, 348)","(261, 241)",True,156.348968656656
642,"(375, 348)","(375, 350)",True,2.0
643,"(376, 349)","(253, 257)",True,153.60013020827813
644,"(376, 349)","(376, 350)",True,1.0
645,"(376, 349)","(376, 350)",True,1.0
646,"(376, 349)","(376, 350)",True,1.0
647,"(376, 349)","(376, 351)",True,2.0
648,"(376, 350)","(376, 352)",True,2.0
649,"(376, 350)","(253, 257)",True,154.20116731075677
650,"(376, 350)","(249, 257)",True,157.4102919125684
651,"(376, 350)","(253, 229)",True,172.53985046939155
652,"(376, 351)","(376, 352)",True,1.0
653,"(375, 351)","(375, 354)",True,3.0
654,"(375, 352)","(249, 257)",True,157.8005069700348
655,"(375, 352)","(253, 249)",True,159.66527487215245
656,"(374, 353)","(481, 433)",True,133.60014970051492
657,"(373, 354)","(265, 249)",True,150.6286825275983
658,"(372, 356)","(374, 355)",True,2.23606797749979
659,"(371, 357)","(373, 356)",True,2.23606797749979
660,"(370, 358)","(369, 359)",True,1.4142135623730951
661,"(368, 360)","(364, 365)",True,6.4031242374328485
662,"(367, 362)","(364, 366)",True,5.0
663,"(365, 364)","(363, 367)",True,3.605551275463989
664,"(364, 366)","(363, 367)",True,1.4142135623730951
665,"(362, 368)","(362, 368)",True,0.0
666,"(361, 369)","(361, 369)",True,0.0
667,"(361, 369)","(361, 369)",True,0.0
668,"(360, 370)","(360, 370)",True,0.0
669,"(360, 370)","(360, 370)",True,0.0
670,"(359, 371)","(359, 371)",True,0.0
671,"(358, 371)","(359, 371)",True,1.0
672,"(358, 372)","(358, 372)",True,0.0
673,"(357, 372)","(357, 372)",True,0.0
674,"(357, 373)","(357, 373)",True,0.0
675,"(356, 373)","(356, 373)",True,0.0
676,"(356, 374)","(355, 374)",True,1.0
677,"(355, 374)","(355, 374)",True,0.0
678,"(355, 375)","(355, 375)",True,0.0
679,"(354, 375)","(354, 375)",True,0.0
680,"(354, 376)","(354, 376)",True,0.0
681,"(353, 378)","(352, 380)",True,2.23606797749979
682,"(352, 380)","(351, 384)",True,4.123105625617661
683,"(351, 382)","(350, 385)",True,3.1622776601683795
684,"(350, 384)","(350, 386)",True,2.0
685,"(349, 386)","(349, 387)",True,1.0
686,"(349, 386)","(349, 387)",True,1.0
687,"(348, 387)","(349, 388)",True,1.4142135623730951
688,"(348, 387)","(348, 388)",True,1.0
689,"(347, 388)","(348, 389)",True,1.4142135623730951
690,"(347, 388)","(348, 389)",True,1.4142135623730951
691,"(347, 388)","(347, 389)",True,1.0
692,"(347, 388)","(347, 389)",True,1.0
693,"(347, 389)","(347, 389)",True,0.0
694,"(347, 389)","(347, 389)",True,0.0
695,"(347, 389)","(346, 390)",True,1.4142135623730951
696,"(347, 389)","(346, 390)",True,1.4142135623730951
697,"(346, 389)","(346, 390)",True,1.0
698,"(346, 390)","(346, 390)",True,0.0
699,"(345, 390)","(345, 390)",True,0.0
700,"(345, 390)","(345, 390)",True,0.0
701,"(345, 390)","(345, 390)",True,0.0
702,"(344, 390)","(344, 390)",True,0.0
703,"(344, 389)","(344, 390)",True,1.0
704,"(343, 389)","(343, 389)",True,0.0
705,"(343, 389)","(343, 389)",True,0.0
706,"(342, 388)","(342, 388)",True,0.0
707,"(342, 388)","(342, 388)",True,0.0
708,"(341, 387)","(341, 387)",True,0.0
709,"(341, 387)","(340, 387)",True,1.0
710,"(340, 386)","(340, 386)",True,0.0
711,"(339, 386)","(339, 386)",True,0.0
712,"(338, 385)","(338, 385)",True,0.0
713,"(338, 385)","(337, 385)",True,1.0
714,"(337, 384)","(336, 385)",True,1.4142135623730951
715,"(336, 384)","(336, 384)",True,0.0
716,"(335, 385)","(335, 384)",True,1.0
717,"(334, 386)","(334, 383)",True,3.0
718,"(334, 387)","(334, 388)",True,1.0
719,"(333, 388)","(333, 389)",True,1.0
720,"(332, 389)","(332, 389)",True,0.0
721,"(331, 389)","(330, 389)",True,1.0
722,"(330, 389)","(329, 389)",True,1.0
723,"(328, 388)","(328, 388)",True,0.0
724,"(327, 388)","(327, 388)",True,0.0
725,"(326, 388)","(326, 388)",True,0.0
726,"(324, 387)","(324, 387)",True,0.0
727,"(323, 387)","(323, 387)",True,0.0
728,"(321, 386)","(321, 386)",True,0.0
729,"(320, 386)","(320, 386)",True,0.0
730,"(318, 385)","(318, 385)",True,0.0
731,"(316, 384)","(317, 384)",True,1.0
732,"(315, 384)","(315, 383)",True,1.0
733,"(313, 383)","(314, 383)",True,1.0
734,"(312, 383)","(312, 382)",True,1.0
735,"(310, 382)","(310, 382)",True,0.0
736,"(308, 381)","(309, 381)",True,1.0
737,"(305, 380)","(305, 379)",True,1.0
738,"(303, 378)","(304, 378)",True,1.0
739,"(300, 377)","(302, 377)",True,2.0
740,"(298, 376)","(300, 376)",True,2.0
741,"(293, 375)","(185, 289)",True,138.05795884337854
742,"(289, 374)","(294, 375)",True,5.0990195135927845
743,"(284, 374)","(285, 374)",True,1.0
744,"(280, 373)","(278, 373)",True,2.0
745,"(275, 372)","(275, 372)",True,0.0
746,"(273, 371)","(273, 372)",True,1.0
747,"(270, 371)","(270, 371)",True,0.0
748,"(268, 370)","(268, 370)",True,0.0
749,"(265, 370)","(265, 369)",True,1.0
750,"(263, 369)","(263, 369)",True,0.0
751,"(261, 368)","(261, 368)",True,0.0
752,"(259, 368)","(258, 367)",True,1.4142135623730951
753,"(256, 367)","(256, 366)",True,1.0
754,"(254, 367)","(253, 366)",True,1.4142135623730951
755,"(252, 366)","(251, 365)",True,1.4142135623730951
756,"(250, 365)","(249, 364)",True,1.4142135623730951
757,"(247, 364)","(247, 364)",True,0.0
758,"(245, 364)","(244, 363)",True,1.4142135623730951
759,"(242, 363)","(242, 361)",True,2.0
760,"(240, 362)","(239, 360)",True,2.23606797749979
761,"(238, 362)","(238, 360)",True,2.0
762,"(236, 362)","(236, 360)",True,2.0
763,"(235, 361)","(234, 359)",True,2.23606797749979
764,"(233, 361)","(232, 358)",True,3.1622776601683795
765,"(231, 361)","(230, 357)",True,4.123105625617661
766,"(229, 360)","(228, 356)",True,4.123105625617661
767,"(227, 359)","(226, 355)",True,4.123105625617661
768,"(226, 357)","(225, 354)",True,3.1622776601683795
769,"(224, 356)","(141, 273)",True,117.37972567696688
770,"(222, 355)","(221, 353)",True,2.23606797749979
771,"(220, 354)","(219, 352)",True,2.23606797749979
772,"(218, 353)","(217, 351)",True,2.23606797749979
773,"(217, 351)","(73, 265)",True,167.72596698186004
774,"(215, 350)","(214, 348)",True,2.23606797749979
775,"(213, 349)","(213, 347)",True,2.0
776,"(211, 348)","(65, 217)",True,196.1555505204989
777,"(210, 347)","(69, 265)",True,163.11039206623224
778,"(208, 347)","(208, 345)",True,2.0
779,"(207, 346)","(204, 341)",True,5.830951894845301
780,"(205, 345)","(205, 344)",True,1.0
781,"(204, 344)","(199, 337)",True,8.602325267042627
782,"(202, 343)","(57, 213)",True,194.74342094150447
783,"(201, 343)","(198, 338)",True,5.830951894845301
784,"(199, 342)","(57, 205)",True,197.31446981911895
785,"(198, 341)","(196, 338)",True,3.605551275463989
786,"(197, 340)","(194, 335)",True,5.830951894845301
787,"(196, 339)","(57, 197)",True,198.70832896484234
788,"(195, 339)","(61, 201)",True,192.35384061671346
789,"(194, 338)","(57, 197)",True,196.596032513375
790,"(193, 337)","(191, 334)",True,3.605551275463989
791,"(192, 337)","(190, 333)",True,4.47213595499958
792,"(191, 337)","(189, 333)",True,4.47213595499958
793,"(191, 336)","(188, 334)",True,3.605551275463989
794,"(190, 336)","(188, 335)",True,2.23606797749979
795,"(189, 336)","(187, 333)",True,3.605551275463989
796,"(188, 336)","(186, 333)",True,3.605551275463989
797,"(188, 335)","(257, 260)",True,101.91172650877817
798,"(187, 335)","(187, 334)",True,1.0
799,"(187, 334)","(185, 332)",True,2.8284271247461903
800,"(186, 334)","(184, 332)",True,2.8284271247461903
801,"(185, 334)","(183, 331)",True,3.605551275463989
802,"(185, 334)","(183, 332)",True,2.8284271247461903
803,"(184, 334)","(183, 332)",True,2.23606797749979
804,"(184, 334)","(53, 261)",True,149.96666296213968
805,"(183, 334)","(45, 189)",True,200.1724256734678
806,"(183, 334)","(181, 332)",True,2.8284271247461903
807,"(182, 334)","(181, 331)",True,3.1622776601683795
808,"(182, 333)","(180, 331)",True,2.8284271247461903
809,"(181, 333)","(180, 331)",True,2.23606797749979
810,"(181, 333)","(179, 331)",True,2.8284271247461903
811,"(181, 333)","(179, 331)",True,2.8284271247461903
812,"(180, 332)","(179, 330)",True,2.23606797749979
813,"(180, 332)","(33, 189)",True,205.08047201037937
814,"(179, 331)","(178, 330)",True,1.4142135623730951
815,"(179, 331)","(177, 329)",True,2.8284271247461903
816,"(179, 331)","(177, 328)",True,3.605551275463989
817,"(178, 331)","(177, 330)",True,1.4142135623730951
818,"(178, 330)","(176, 328)",True,2.8284271247461903
819,"(177, 330)","(176, 328)",True,2.23606797749979
820,"(177, 330)","(176, 328)",True,2.23606797749979
821,"(177, 330)","(176, 329)",True,1.4142135623730951
822,"(177, 330)","(175, 328)",True,2.8284271247461903
823,"(176, 330)","(175, 328)",True,2.23606797749979
824,"(176, 330)","(175, 328)",True,2.23606797749979
825,"(176, 330)","(175, 328)",True,2.23606797749979
826,"(176, 330)","(175, 328)",True,2.23606797749979
827,"(176, 330)","(175, 328)",True,2.23606797749979
828,"(175, 330)","(174, 327)",True,3.1622776601683795
829,"(175, 330)","(174, 330)",True,1.0
830,"(175, 330)","(174, 329)",True,1.4142135623730951
831,"(175, 330)","(174, 329)",True,1.4142135623730951
832,"(175, 330)","(174, 329)",True,1.4142135623730951
833,"(175, 329)","(174, 329)",True,1.0
834,"(175, 329)","(174, 327)",True,2.23606797749979
835,"(175, 329)","(174, 328)",True,1.4142135623730951
836,"(175, 329)","(174, 329)",True,1.0
837,"(175, 329)","(174, 327)",True,2.23606797749979
838,"(175, 329)","(29, 189)",True,202.27703774773843
839,"(175, 329)","(174, 327)",True,2.23606797749979
840,"(175, 329)","(174, 327)",True,2.23606797749979
841,"(175, 329)","(175, 327)",True,2.0
842,"(175, 328)","(174, 326)",True,2.23606797749979
843,"(176, 328)","(175, 325)",True,3.1622776601683795
844,"(176, 327)","(175, 326)",True,1.4142135623730951
845,"(176, 327)","(175, 324)",True,3.1622776601683795
846,"(176, 327)","(175, 325)",True,2.23606797749979
847,"(176, 327)","(175, 324)",True,3.1622776601683795
848,"(177, 326)","(175, 323)",True,3.605551275463989
849,"(177, 326)","(175, 323)",True,3.605551275463989
850,"(177, 326)","(176, 325)",True,1.4142135623730951
851,"(177, 326)","(176, 324)",True,2.23606797749979
852,"(177, 326)","(175, 323)",True,3.605551275463989
853,"(177, 325)","(176, 324)",True,1.4142135623730951
854,"(177, 325)","(176, 324)",True,1.4142135623730951
855,"(177, 325)","(176, 325)",True,1.0
856,"(177, 326)","(177, 325)",True,1.0
857,"(177, 327)","(177, 326)",True,1.0
858,"(178, 327)","(177, 326)",True,1.4142135623730951
859,"(178, 328)","(177, 326)",True,2.23606797749979
860,"(178, 329)","(177, 325)",True,4.123105625617661
861,"(178, 329)","(178, 327)",True,2.0
862,"(178, 330)","(177, 327)",True,3.1622776601683795
863,"(179, 330)","(37, 189)",True,200.11246837716035
864,"(179, 331)","(53, 189)",True,189.84203960134857
865,"(179, 331)","(177, 330)",True,2.23606797749979
866,"(179, 335)","(177, 331)",True,4.47213595499958
867,"(179, 339)","(178, 332)",True,7.0710678118654755
868,"(178, 342)","(178, 335)",True,7.0
869,"(178, 346)","(177, 342)",True,4.123105625617661
870,"(178, 350)","(177, 349)",True,1.4142135623730951
871,"(178, 351)","(177, 351)",True,1.0
872,"(179, 352)","(178, 353)",True,1.4142135623730951
873,"(179, 352)","(178, 353)",True,1.4142135623730951
874,"(180, 353)","(45, 277)",True,154.92256130079957
875,"(180, 354)","(178, 353)",True,2.23606797749979
876,"(180, 354)","(53, 281)",True,146.48549416239138
877,"(181, 355)","(73, 285)",True,128.70120434556935
878,"(181, 355)","(181, 354)",True,1.0
879,"(182, 356)","(57, 285)",True,143.75673897247393
880,"(182, 356)","(181, 354)",True,2.23606797749979
881,"(182, 356)","(182, 355)",True,1.0
882,"(183, 356)","(182, 354)",True,2.23606797749979
883,"(183, 357)","(182, 356)",True,1.4142135623730951
884,"(184, 357)","(182, 355)",True,2.8284271247461903
885,"(184, 357)","(183, 356)",True,1.4142135623730951
886,"(184, 357)","(183, 356)",True,1.4142135623730951
887,"(184, 357)","(183, 356)",True,1.4142135623730951
888,"(184, 358)","(183, 356)",True,2.23606797749979
889,"(184, 358)","(37, 269)",True,171.8429515575195
890,"(184, 358)","(183, 356)",True,2.23606797749979
891,"(184, 358)","(37, 225)",True,198.23723161908813
892,"(184, 358)","(183, 357)",True,1.4142135623730951
893,"(184, 359)","(183, 357)",True,2.23606797749979
894,"(184, 359)","(183, 357)",True,2.23606797749979
895,"(184, 359)","(183, 356)",True,3.1622776601683795
896,"(185, 359)","(61, 269)",True,153.21879780235844
897,"(185, 359)","(184, 357)",True,2.23606797749979
898,"(186, 359)","(184, 357)",True,2.8284271247461903
899,"(186, 359)","(185, 357)",True,2.23606797749979
900,"(187, 359)","(49, 225)",True,192.35384061671346
901,"(188, 359)","(187, 357)",True,2.23606797749979
902,"(189, 360)","(65, 293)",True,140.9432509913121
903,"(190, 360)","(188, 358)",True,2.8284271247461903
904,"(191, 361)","(189, 358)",True,3.605551275463989
905,"(192, 361)","(190, 358)",True,3.605551275463989
906,"(193, 361)","(192, 359)",True,2.23606797749979
907,"(195, 362)","(193, 359)",True,3.605551275463989
908,"(196, 362)","(129, 257)",True,124.55520864259351
909,"(198, 363)","(195, 359)",True,5.0
910,"(199, 363)","(197, 360)",True,3.605551275463989
911,"(201, 364)","(199, 360)",True,4.47213595499958
912,"(202, 365)","(200, 361)",True,4.47213595499958
913,"(204, 365)","(201, 362)",True,4.242640687119285
914,"(205, 366)","(202, 362)",True,5.0
915,"(207, 367)","(203, 362)",True,6.4031242374328485
916,"(208, 368)","(205, 364)",True,5.0
917,"(210, 369)","(207, 364)",True,5.830951894845301
918,"(211, 369)","(209, 366)",True,3.605551275463989
919,"(213, 370)","(77, 297)",True,154.35349040433132
920,"(214, 371)","(210, 367)",True,5.656854249492381
921,"(216, 372)","(212, 367)",True,6.4031242374328485
922,"(217, 373)","(213, 368)",True,6.4031242374328485
923,"(219, 374)","(145, 285)",True,115.74541027617467
924,"(220, 375)","(220, 374)",True,1.0
925,"(222, 376)","(69, 281)",True,180.09441968034434
926,"(224, 377)","(223, 376)",True,1.4142135623730951
927,"(226, 378)","(225, 377)",True,1.4142135623730951
928,"(228, 378)","(227, 378)",True,1.0
929,"(230, 379)","(228, 379)",True,2.0
930,"(232, 380)","(232, 380)",True,0.0
931,"(234, 381)","(233, 380)",True,1.4142135623730951
932,"(236, 382)","(235, 381)",True,1.4142135623730951
933,"(237, 382)","(237, 381)",True,1.0
934,"(239, 383)","(239, 382)",True,1.0
935,"(241, 384)","(242, 380)",True,4.123105625617661
936,"(243, 385)","(243, 382)",True,3.0
937,"(245, 386)","(153, 289)",True,133.6899397860587
938,"(248, 387)","(247, 384)",True,3.1622776601683795
939,"(250, 388)","(165, 293)",True,127.47548783981962
940,"(252, 389)","(161, 285)",True,138.19189556555045
941,"(254, 390)","(169, 297)",True,125.99206324209474
942,"(256, 390)","(257, 387)",True,3.1622776601683795
943,"(257, 391)","(259, 387)",True,4.47213595499958
944,"(259, 391)","(173, 305)",True,121.62236636408618
945,"(261, 392)","(262, 391)",True,1.4142135623730951
946,"(264, 394)","(161, 293)",True,144.25671561490648
947,"(267, 396)","(265, 392)",True,4.47213595499958
948,"(271, 397)","(267, 394)",True,5.0
949,"(274, 399)","(273, 398)",True,1.4142135623730951
950,"(277, 401)","(278, 400)",True,1.4142135623730951
951,"(279, 401)","(279, 401)",True,0.0
952,"(281, 402)","(165, 325)",True,139.2300254973761
953,"(282, 402)","(283, 402)",True,1.0
954,"(284, 403)","(181, 337)",True,122.3315167894194
955,"(286, 403)","(157, 333)",True,146.76852523616907
956,"(288, 404)","(288, 406)",True,2.0
957,"(289, 405)","(169, 329)",True,142.04224723651762
958,"(291, 405)","(161, 333)",True,148.60686390607938
959,"(292, 406)","(295, 408)",True,3.605551275463989
960,"(294, 407)","(169, 329)",True,147.33974345029924
961,"(295, 407)","(165, 333)",True,149.58609561052123
962,"(297, 407)","(177, 329)",True,143.12232530251876
963,"(298, 408)","(300, 408)",True,2.0
964,"(300, 408)","(300, 407)",True,1.0
965,"(301, 408)","(173, 329)",True,150.41608956491322
966,"(302, 408)","(173, 329)",True,151.2679741386127
967,"(303, 409)","(173, 329)",True,152.64337522473747
968,"(305, 409)","(173, 333)",True,152.31546211727817
969,"(306, 410)","(306, 407)",True,3.0
970,"(307, 410)","(177, 329)",True,153.16984037335808
971,"(309, 409)","(181, 333)",True,148.86235252742716
972,"(310, 409)","(309, 405)",True,4.123105625617661
973,"(312, 408)","(312, 406)",True,2.0
974,"(313, 408)","(314, 407)",True,1.4142135623730951
975,"(315, 407)","(315, 408)",True,1.0
976,"(316, 407)","(313, 404)",True,4.242640687119285
977,"(317, 408)","(317, 406)",True,2.0
978,"(319, 408)","(317, 406)",True,2.8284271247461903
979,"(320, 409)","(316, 405)",True,5.656854249492381
980,"(321, 409)","(318, 404)",True,5.830951894845301
981,"(321, 409)","(318, 404)",True,5.830951894845301
982,"(322, 409)","(320, 405)",True,4.47213595499958
983,"(322, 409)","(320, 404)",True,5.385164807134504
984,"(323, 409)","(320, 404)",True,5.830951894845301
985,"(323, 409)","(321, 405)",True,4.47213595499958
986,"(323, 409)","(320, 404)",True,5.830951894845301
987,"(323, 409)","(323, 407)",True,2.0
988,"(324, 408)","(185, 333)",True,157.94302770302968
989,"(324, 408)","(320, 403)",True,6.4031242374328485
990,"(324, 408)","(189, 337)",True,152.5319638633162
991,"(324, 408)","(189, 337)",True,152.5319638633162
992,"(324, 408)","(322, 404)",True,4.47213595499958
993,"(324, 407)","(185, 333)",True,157.47063218263906
994,"(324, 407)","(321, 403)",True,5.0
995,"(324, 407)","(323, 406)",True,1.4142135623730951
996,"(324, 407)","(323, 406)",True,1.4142135623730951
997,"(324, 407)","(321, 403)",True,5.0
998,"(324, 407)","(322, 405)",True,2.8284271247461903
999,"(324, 407)","(322, 404)",True,3.605551275463989
1000,"(324, 407)","(324, 407)",True,0.0
1001,"(324, 407)","(322, 403)",True,4.47213595499958
1002,"(324, 407)","(322, 404)",True,3.605551275463989
1003,"(324, 407)","(322, 404)",True,3.605551275463989
1004,"(324, 407)","(324, 406)",True,1.0
1005,"(324, 407)","(320, 402)",True,6.4031242374328485
1006,"(324, 407)","(322, 403)",True,4.47213595499958
1007,"(324, 407)","(324, 407)",True,0.0
1008,"(325, 406)","(324, 404)",True,2.23606797749979
1009,"(325, 406)","(323, 403)",True,3.605551275463989
1010,"(325, 406)","(324, 403)",True,3.1622776601683795
1011,"(325, 405)","(325, 403)",True,2.0
1012,"(325, 405)","(323, 400)",True,5.385164807134504
1013,"(326, 404)","(193, 337)",True,148.92279879185725
1014,"(326, 404)","(325, 403)",True,1.4142135623730951
1015,"(326, 403)","(324, 400)",True,3.605551275463989
1016,"(326, 402)","(325, 399)",True,3.1622776601683795
1017,"(327, 402)","(324, 398)",True,5.0
1018,"(327, 401)","(327, 400)",True,1.0
1019,"(328, 401)","(327, 399)",True,2.23606797749979
1020,"(328, 400)","(197, 333)",True,147.13938969562162
1021,"(329, 399)","(326, 395)",True,5.0
1022,"(330, 399)","(197, 329)",True,150.29637387508723
1023,"(330, 398)","(330, 397)",True,1.0
1024,"(331, 398)","(197, 329)",True,150.72159765607583
1025,"(332, 397)","(197, 329)",True,151.15885683611134
1026,"(335, 395)","(249, 245)",True,172.90459797240788
1027,"(337, 394)","(257, 301)",True,122.67436570041843
1028,"(340, 392)","(253, 241)",True,174.26990560621763
1029,"(342, 391)","(253, 245)",True,170.98830369355676
1030,"(345, 389)","(345, 390)",True,1.0
1031,"(346, 388)","(261, 301)",True,121.63058825805291
1032,"(346, 388)","(346, 387)",True,1.0
1033,"(347, 387)","(265, 297)",True,121.75385004179539
1034,"(347, 387)","(347, 387)",True,0.0
1035,"(348, 386)","(257, 289)",True,133.00375934536586
1036,"(348, 386)","(348, 385)",True,1.0
1037,"(348, 385)","(348, 385)",True,0.0
1038,"(349, 385)","(269, 289)",True,124.96399481450646
1039,"(349, 384)","(349, 384)",True,0.0
1040,"(349, 384)","(349, 384)",True,0.0
1041,"(349, 384)","(257, 285)",True,135.14806694880988
1042,"(349, 384)","(269, 289)",True,124.19742348374221
1043,"(349, 383)","(253, 229)",True,181.4717608885746
1044,"(349, 383)","(261, 285)",True,131.71180660821565
1045,"(349, 383)","(265, 289)",True,126.0634760745554
1046,"(346, 383)","(346, 383)",True,0.0
1047,"(343, 384)","(257, 289)",True,128.14444974324874
1048,"(341, 384)","(253, 289)",True,129.49517365523704
1049,"(338, 385)","(334, 385)",True,4.0
1050,"(335, 385)","(334, 385)",True,1.0
1051,"(334, 384)","(197, 309)",True,156.18578680533003
1052,"(333, 384)","(197, 309)",True,155.30936868070773
1053,"(332, 383)","(197, 309)",True,153.95129099815955
1054,"(331, 383)","(197, 309)",True,153.07514494521962
1055,"(330, 382)","(197, 309)",True,151.71684151734772
1056,"(328, 381)","(249, 285)",True,124.32618388738553
1057,"(326, 380)","(249, 285)",True,122.28654872879518
1058,"(325, 378)","(193, 309)",True,148.94629904767692
1059,"(323, 377)","(193, 309)",True,146.71059948074645
1060,"(321, 376)","(189, 305)",True,149.88328792764054
1061,"(315, 374)","(318, 376)",True,3.605551275463989
1062,"(309, 372)","(306, 371)",True,3.1622776601683795
1063,"(304, 371)","(173, 297)",True,150.45597362683876
1064,"(298, 369)","(173, 301)",True,142.29898102235308
1065,"(292, 367)","(173, 289)",True,142.28492541376264
1066,"(290, 366)","(169, 297)",True,139.29106216839614
1067,"(287, 364)","(173, 289)",True,136.4587849865299
1068,"(285, 363)","(284, 360)",True,3.1622776601683795
1069,"(282, 361)","(282, 359)",True,2.0
1070,"(280, 360)","(169, 277)",True,138.6001443000692
1071,"(277, 359)","(149, 289)",True,145.89036979869508
1072,"(275, 357)","(275, 359)",True,2.0
1073,"(272, 356)","(272, 356)",True,0.0
1074,"(270, 354)","(270, 356)",True,2.0
1075,"(267, 353)","(157, 285)",True,129.3213052826177
1076,"(264, 351)","(262, 354)",True,3.605551275463989
1077,"(260, 349)","(153, 285)",True,124.67958934805648
1078,"(257, 348)","(153, 285)",True,121.59358535712317
1079,"(253, 346)","(149, 289)",True,118.59595271340417
1080,"(250, 344)","(157, 277)",True,114.62111498323509
1081,"(245, 343)","(248, 345)",True,3.605551275463989
1082,"(241, 342)","(137, 285)",True,118.59595271340417
1083,"(236, 340)","(157, 261)",True,111.72287142747452
1084,"(232, 339)","(157, 261)",True,108.2081327812286
1085,"(227, 338)","(157, 265)",True,101.13851887386922
1086,"(225, 337)","(149, 245)",True,119.33147112141039
1087,"(224, 335)","(153, 237)",True,121.01652779682617
1088,"(222, 334)","(145, 241)",True,120.7393887677091
1089,"(221, 332)","(149, 237)",True,119.20151005754919
1090,"(219, 331)","(145, 233)",True,122.80065146407001
1091,"(218, 331)","(145, 253)",True,106.83164325236227
1092,"(217, 331)","(137, 253)",True,111.73182178770737
1093,"(215, 331)","(65, 205)",True,195.8979326077741
1094,"(214, 331)","(61, 205)",True,198.20443990990717
1095,"(213, 331)","(210, 328)",True,4.242640687119285
1096,"(211, 330)","(57, 209)",True,195.8494319624134
1097,"(210, 329)","(206, 324)",True,6.4031242374328485
1098,"(208, 328)","(205, 325)",True,4.242640687119285
1099,"(207, 327)","(204, 324)",True,4.242640687119285
1100,"(205, 326)","(203, 323)",True,3.605551275463989
1101,"(204, 326)","(202, 324)",True,2.8284271247461903
1102,"(203, 325)","(57, 241)",True,168.43990026119107
1103,"(201, 325)","(49, 193)",True,201.3156725145859
1104,"(200, 324)","(199, 322)",True,2.23606797749979
1105,"(199, 324)","(197, 321)",True,3.605551275463989
1106,"(198, 323)","(195, 319)",True,5.0
1107,"(197, 322)","(195, 320)",True,2.8284271247461903
1108,"(195, 322)","(194, 319)",True,3.1622776601683795
1109,"(194, 321)","(193, 319)",True,2.23606797749979
1110,"(193, 320)","(192, 318)",True,2.23606797749979
1111,"(192, 319)","(191, 317)",True,2.23606797749979
1112,"(191, 318)","(189, 316)",True,2.8284271247461903
1113,"(189, 318)","(188, 316)",True,2.23606797749979
1114,"(188, 317)","(187, 315)",True,2.23606797749979
1115,"(187, 316)","(186, 314)",True,2.23606797749979
1116,"(186, 315)","(185, 314)",True,1.4142135623730951
1117,"(185, 315)","(185, 312)",True,3.0
1118,"(185, 314)","(184, 313)",True,1.4142135623730951
1119,"(184, 314)","(184, 312)",True,2.0
1120,"(183, 313)","(25, 205)",True,191.38442987871298
1121,"(183, 313)","(182, 310)",True,3.1622776601683795
1122,"(182, 312)","(182, 310)",True,2.0
1123,"(182, 312)","(181, 311)",True,1.4142135623730951
1124,"(181, 311)","(180, 310)",True,1.4142135623730951
1125,"(181, 311)","(180, 309)",True,2.23606797749979
1126,"(179, 310)","(180, 309)",True,1.4142135623730951
1127,"(178, 310)","(180, 309)",True,2.23606797749979
1128,"(176, 309)","(177, 309)",True,1.0
1129,"(175, 309)","(85, 161)",True,173.216627377397
1130,"(173, 308)","(172, 307)",True,1.4142135623730951
1131,"(173, 308)","(172, 306)",True,2.23606797749979
1132,"(173, 307)","(97, 161)",True,164.59647626847908
1133,"(172, 307)","(172, 306)",True,1.0
1134,"(172, 306)","(171, 305)",True,1.4142135623730951
1135,"(172, 306)","(171, 304)",True,2.23606797749979
1136,"(172, 306)","(171, 304)",True,2.23606797749979
1137,"(172, 306)","(171, 304)",True,2.23606797749979
1138,"(172, 305)","(171, 304)",True,1.4142135623730951
1139,"(172, 305)","(172, 304)",True,1.0
1140,"(172, 305)","(89, 153)",True,173.18487231857176
1141,"(172, 305)","(93, 153)",True,171.30382365843442
1142,"(173, 305)","(172, 304)",True,1.4142135623730951
1143,"(173, 305)","(172, 303)",True,2.23606797749979
1144,"(174, 305)","(172, 304)",True,2.23606797749979
1145,"(174, 305)","(172, 303)",True,2.8284271247461903
1146,"(174, 305)","(173, 303)",True,2.23606797749979
1147,"(174, 304)","(173, 303)",True,1.4142135623730951
1148,"(174, 304)","(173, 301)",True,3.1622776601683795
1149,"(174, 303)","(173, 302)",True,1.4142135623730951
1150,"(174, 303)","(173, 302)",True,1.4142135623730951
1151,"(174, 302)","(93, 153)",True,169.59363195591985
1152,"(174, 301)","(173, 302)",True,1.4142135623730951
1153,"(175, 301)","(174, 302)",True,1.4142135623730951
1154,"(175, 300)","(89, 153)",True,170.30854353202602
1155,"(175, 299)","(93, 153)",True,167.45148551147582
1156,"(175, 299)","(174, 301)",True,2.23606797749979
1157,"(175, 300)","(174, 300)",True,1.0
1158,"(176, 300)","(89, 149)",True,174.26990560621763
1159,"(176, 301)","(89, 149)",True,175.13708916160505
1160,"(176, 301)","(176, 298)",True,3.0
1161,"(177, 300)","(176, 298)",True,2.23606797749979
1162,"(178, 299)","(177, 298)",True,1.4142135623730951
1163,"(178, 298)","(178, 298)",True,0.0
1164,"(179, 297)","(178, 296)",True,1.4142135623730951
1165,"(180, 296)","(180, 296)",True,0.0
1166,"(180, 293)","(180, 295)",True,2.0
1167,"(181, 291)","(181, 294)",True,3.0
1168,"(181, 288)","(182, 293)",True,5.0990195135927845
1169,"(182, 286)","(85, 133)",True,181.1573901335521
1170,"(182, 283)","(89, 129)",True,179.90275150758535
1171,"(183, 282)","(183, 277)",True,5.0
1172,"(184, 280)","(184, 277)",True,3.0
1173,"(184, 279)","(73, 125)",True,189.8341381311591
1174,"(185, 277)","(69, 121)",True,194.40164608356588
1175,"(186, 276)","(186, 275)",True,1.0
1176,"(186, 275)","(186, 274)",True,1.0
1177,"(187, 275)","(186, 273)",True,2.23606797749979
1178,"(187, 274)","(69, 121)",True,193.2174940319846
1179,"(188, 274)","(69, 117)",True,197.00253805471644
1180,"(188, 273)","(188, 273)",True,0.0
1181,"(188, 273)","(65, 117)",True,198.65799757371965
1182,"(189, 273)","(45, 177)",True,173.0664612222715
1183,"(189, 272)","(69, 121)",True,192.87560758167425
1184,"(190, 272)","(69, 117)",True,196.6367208839692
1185,"(190, 272)","(190, 271)",True,1.0
1186,"(191, 272)","(65, 117)",True,199.75234666956982
1187,"(192, 273)","(41, 181)",True,176.81911661356077
1188,"(194, 273)","(69, 117)",True,199.90247622278218
1189,"(195, 274)","(61, 189)",True,158.68522300453813
1190,"(196, 274)","(69, 121)",True,198.84164553734712
1191,"(199, 276)","(137, 169)",True,123.664869708418
1192,"(202, 278)","(49, 177)",True,183.3303030052588
1193,"(205, 280)","(141, 161)",True,135.1184665395519
1194,"(208, 282)","(204, 276)",True,7.211102550927978
1195,"(211, 284)","(149, 173)",True,127.1416532848303
1196,"(212, 286)","(213, 290)",True,4.123105625617661
1197,"(214, 288)","(214, 291)",True,3.0
1198,"(215, 289)","(216, 292)",True,3.1622776601683795
1199,"(217, 291)","(217, 293)",True,2.0
1200,"(218, 293)","(219, 293)",True,1.0
1201,"(220, 294)","(220, 294)",True,0.0
1202,"(222, 295)","(222, 295)",True,0.0
1203,"(223, 295)","(224, 296)",True,1.4142135623730951
1204,"(225, 296)","(225, 297)",True,1.0
1205,"(227, 297)","(227, 298)",True,1.0
1206,"(229, 298)","(229, 299)",True,1.0
1207,"(231, 299)","(231, 299)",True,0.0
1208,"(233, 299)","(233, 300)",True,1.0
1209,"(235, 300)","(235, 301)",True,1.0
1210,"(237, 301)","(237, 302)",True,1.0
1211,"(239, 302)","(239, 302)",True,0.0
1212,"(241, 303)","(241, 303)",True,0.0
1213,"(244, 303)","(243, 304)",True,1.4142135623730951
1214,"(246, 304)","(245, 304)",True,1.0
1215,"(248, 305)","(248, 305)",True,0.0
1216,"(251, 306)","(250, 306)",True,1.0
1217,"(253, 307)","(252, 307)",True,1.0
1218,"(256, 309)","(254, 308)",True,2.23606797749979
1219,"(258, 310)","(256, 309)",True,2.23606797749979
1220,"(261, 311)","(261, 310)",True,1.0
1221,"(263, 312)","(263, 311)",True,1.0
1222,"(265, 313)","(266, 312)",True,1.4142135623730951
1223,"(268, 313)","(268, 312)",True,1.0
1224,"(270, 314)","(270, 314)",True,0.0
1225,"(272, 315)","(272, 315)",True,0.0
1226,"(274, 316)","(275, 316)",True,1.0
1227,"(277, 317)","(277, 316)",True,1.0
1228,"(279, 317)","(279, 317)",True,0.0
1229,"(282, 318)","(282, 318)",True,0.0
1230,"(284, 319)","(205, 193)",True,148.71785366928881
1231,"(286, 320)","(287, 319)",True,1.4142135623730951
1232,"(289, 321)","(289, 320)",True,1.0
1233,"(291, 322)","(294, 322)",True,3.0
1234,"(294, 323)","(185, 245)",True,134.03357788255897
1235,"(296, 324)","(298, 324)",True,2.0
1236,"(300, 326)","(299, 325)",True,1.4142135623730951
1237,"(304, 328)","(307, 328)",True,3.0
1238,"(307, 331)","(312, 332)",True,5.0990195135927845
1239,"(311, 333)","(314, 334)",True,3.1622776601683795
1240,"(315, 335)","(315, 335)",True,0.0
1241,"(316, 336)","(316, 336)",True,0.0
1242,"(318, 337)","(318, 336)",True,1.0
1243,"(319, 337)","(319, 337)",True,0.0
1244,"(321, 338)","(320, 338)",True,1.0
1245,"(322, 339)","(322, 339)",True,0.0
1246,"(323, 340)","(323, 339)",True,1.0
1247,"(324, 340)","(324, 340)",True,0.0
1248,"(326, 341)","(326, 341)",True,0.0
1249,"(327, 341)","(327, 342)",True,1.0
1250,"(328, 342)","(328, 343)",True,1.0
1251,"(329, 342)","(329, 343)",True,1.0
1252,"(330, 343)","(331, 344)",True,1.4142135623730951
1253,"(332, 343)","(331, 344)",True,1.4142135623730951
1254,"(333, 344)","(332, 345)",True,1.4142135623730951
1255,"(334, 344)","(333, 345)",True,1.4142135623730951
1256,"(335, 344)","(334, 345)",True,1.4142135623730951
1257,"(336, 345)","(335, 346)",True,1.4142135623730951
1258,"(337, 345)","(336, 346)",True,1.4142135623730951
1259,"(338, 346)","(337, 346)",True,1.0
1260,"(339, 346)","(338, 347)",True,1.4142135623730951
1261,"(342, 347)","(342, 348)",True,1.0
1262,"(345, 347)","(349, 349)",True,4.47213595499958
1263,"(348, 348)","(352, 349)",True,4.123105625617661
1264,"(351, 348)","(353, 349)",True,2.23606797749979
1265,"(354, 349)","(353, 350)",True,1.4142135623730951
1266,"(355, 349)","(354, 350)",True,1.4142135623730951
1267,"(355, 349)","(355, 350)",True,1.0
1268,"(356, 350)","(355, 350)",True,1.0
1269,"(356, 350)","(356, 350)",True,0.0
1270,"(357, 350)","(356, 350)",True,1.0
1271,"(357, 350)","(357, 351)",True,1.0
1272,"(358, 350)","(358, 351)",True,1.0
1273,"(358, 350)","(358, 351)",True,1.0
1274,"(359, 350)","(358, 351)",True,1.4142135623730951
1275,"(359, 350)","(359, 351)",True,1.0
1276,"(359, 350)","(359, 351)",True,1.0
1277,"(360, 350)","(359, 351)",True,1.4142135623730951
1278,"(360, 351)","(360, 351)",True,0.0
1279,"(361, 351)","(360, 351)",True,1.0
1280,"(361, 351)","(360, 352)",True,1.4142135623730951
1281,"(361, 351)","(361, 352)",True,1.0
1282,"(361, 351)","(361, 352)",True,1.0
1283,"(362, 351)","(361, 352)",True,1.4142135623730951
1284,"(362, 351)","(362, 352)",True,1.0
1285,"(362, 351)","(362, 352)",True,1.0
1286,"(362, 351)","(362, 352)",True,1.0
1287,"(362, 351)","(362, 353)",True,2.0
1288,"(362, 352)","(362, 353)",True,1.0
1289,"(362, 352)","(362, 353)",True,1.0
1290,"(362, 352)","(362, 353)",True,1.0
1291,"(362, 352)","(362, 353)",True,1.0
1292,"(362, 352)","(363, 353)",True,1.4142135623730951
1293,"(363, 353)","(363, 353)",True,0.0
1294,"(363, 353)","(363, 353)",True,0.0
1295,"(363, 353)","(363, 353)",True,0.0
1296,"(363, 353)","(363, 353)",True,0.0
1297,"(363, 353)","(364, 352)",True,1.4142135623730951
1298,"(364, 352)","(364, 352)",True,0.0
1299,"(364, 352)","(364, 352)",True,0.0
1300,"(364, 352)","(364, 351)",True,1.0
1301,"(364, 351)","(365, 351)",True,1.0
1302,"(365, 350)","(365, 351)",True,1.0
1303,"(365, 350)","(365, 350)",True,0.0
1304,"(366, 349)","(366, 349)",True,0.0
1305,"(366, 348)","(366, 348)",True,0.0
1306,"(368, 345)","(367, 347)",True,2.23606797749979
1307,"(369, 342)","(370, 344)",True,2.23606797749979
1308,"(371, 338)","(373, 339)",True,2.23606797749979
1309,"(372, 335)","(374, 336)",True,2.23606797749979
1310,"(374, 332)","(374, 335)",True,3.0
1311,"(375, 331)","(375, 333)",True,2.0
1312,"(375, 330)","(375, 331)",True,1.0
1313,"(376, 329)","(376, 330)",True,1.0
1314,"(376, 328)","(253, 233)",True,155.4155719353759
1315,"(377, 327)","(378, 326)",True,1.4142135623730951
1316,"(378, 324)","(378, 324)",True,0.0
1317,"(380, 322)","(380, 321)",True,1.0
1318,"(381, 319)","(382, 318)",True,1.4142135623730951
1319,"(383, 317)","(257, 197)",True,174.0
1320,"(384, 314)","(261, 217)",True,156.64609794054877
1321,"(384, 313)","(249, 193)",True,180.62391868188442
1322,"(384, 312)","(249, 189)",True,182.6307750626931
1323,"(385, 312)","(261, 213)",True,158.67261893597143
1324,"(385, 311)","(257, 205)",True,166.19265928433782
1325,"(385, 310)","(261, 201)",True,165.0969412193939
1326,"(385, 309)","(253, 197)",True,173.11268006705922
1327,"(385, 308)","(253, 185)",True,180.42449944505873
1328,"(385, 308)","(253, 197)",True,172.46738822165773
1329,"(385, 307)","(261, 213)",True,155.60205654167942
1330,"(385, 306)","(269, 217)",True,146.2087548678259
1331,"(385, 307)","(261, 213)",True,155.60205654167942
1332,"(384, 308)","(261, 213)",True,155.4155719353759
1333,"(384, 309)","(269, 205)",True,155.05160431288675
1334,"(383, 310)","(269, 209)",True,152.3056138164316
1335,"(383, 311)","(249, 193)",True,178.54971296532514
1336,"(383, 311)","(249, 189)",True,181.2181006411887
1337,"(382, 310)","(285, 225)",True,128.9728653632228
1338,"(382, 310)","(285, 225)",True,128.9728653632228
1339,"(381, 309)","(257, 217)",True,154.40207252495026
1340,"(381, 309)","(265, 217)",True,148.05404418657398
1341,"(380, 308)","(379, 312)",True,4.123105625617661
1342,"(379, 307)","(378, 312)",True,5.0990195135927845
1343,"(377, 306)","(377, 310)",True,4.0
1344,"(376, 305)","(376, 309)",True,4.0
1345,"(375, 304)","(257, 213)",True,149.01342221424215
1346,"(372, 304)","(253, 217)",True,147.41099009232656
1347,"(369, 303)","(241, 165)",True,188.22327167489146
1348,"(365, 303)","(245, 189)",True,165.51737068960466
1349,"(362, 302)","(233, 177)",True,179.62739212046696
1350,"(359, 302)","(237, 177)",True,174.6682569902156
1351,"(357, 301)","(356, 304)",True,3.1622776601683795
1352,"(355, 300)","(229, 173)",True,178.89941307897016
1353,"(353, 298)","(225, 165)",True,184.58873205046942
1354,"(351, 297)","(241, 201)",True,146.0
1355,"(349, 296)","(245, 189)",True,149.21461054467824
1356,"(347, 295)","(346, 297)",True,2.23606797749979
1357,"(345, 294)","(344, 296)",True,2.23606797749979
1358,"(344, 294)","(342, 296)",True,2.8284271247461903
1359,"(342, 293)","(241, 201)",True,136.61991070118586
1360,"(340, 292)","(237, 181)",True,151.42654985173505
1361,"(338, 291)","(337, 293)",True,2.23606797749979
1362,"(336, 290)","(237, 209)",True,127.91403363196706
1363,"(333, 288)","(332, 291)",True,3.1622776601683795
1364,"(331, 287)","(237, 181)",True,141.6756859873987
1365,"(329, 286)","(241, 189)",True,130.96946208945045
1366,"(327, 285)","(326, 286)",True,1.4142135623730951
1367,"(325, 284)","(324, 285)",True,1.4142135623730951
1368,"(322, 282)","(321, 283)",True,1.4142135623730951
1369,"(320, 281)","(319, 282)",True,1.4142135623730951
1370,"(318, 280)","(316, 281)",True,2.23606797749979
1371,"(315, 279)","(314, 280)",True,1.4142135623730951
1372,"(312, 278)","(312, 279)",True,1.0
1373,"(308, 276)","(309, 277)",True,1.4142135623730951
1374,"(305, 275)","(306, 276)",True,1.4142135623730951
1375,"(302, 274)","(301, 274)",True,1.0
1376,"(300, 273)","(299, 273)",True,1.0
1377,"(297, 272)","(296, 272)",True,1.0
1378,"(295, 271)","(294, 271)",True,1.0
1379,"(292, 270)","(292, 270)",True,0.0
1380,"(290, 269)","(289, 269)",True,1.0
1381,"(288, 268)","(287, 269)",True,1.4142135623730951
1382,"(286, 268)","(285, 268)",True,1.0
1383,"(283, 267)","(283, 267)",True,0.0
1384,"(281, 267)","(280, 267)",True,1.0
1385,"(279, 266)","(278, 266)",True,1.0
1386,"(275, 266)","(276, 266)",True,1.0
1387,"(272, 266)","(274, 265)",True,2.23606797749979
1388,"(268, 265)","(272, 264)",True,4.123105625617661
1389,"(265, 265)","(266, 264)",True,1.4142135623730951
1390,"(261, 265)","(261, 264)",True,1.0
1391,"(259, 265)","(259, 264)",True,1.0
1392,"(257, 264)","(257, 264)",True,0.0
1393,"(255, 264)","(255, 263)",True,1.0
1394,"(253, 263)","(253, 262)",True,1.0
1395,"(251, 263)","(252, 262)",True,1.4142135623730951
1396,"(249, 262)","(250, 261)",True,1.4142135623730951
1397,"(248, 262)","(248, 261)",True,1.0
1398,"(246, 261)","(247, 261)",True,1.0
1399,"(245, 261)","(245, 260)",True,1.0
1400,"(243, 260)","(243, 260)",True,0.0
1401,"(241, 260)","(241, 259)",True,1.0
1402,"(239, 259)","(238, 258)",True,1.4142135623730951
1403,"(237, 259)","(237, 258)",True,1.0
1404,"(235, 258)","(235, 258)",True,0.0
1405,"(233, 258)","(234, 258)",True,1.0
1406,"(231, 258)","(232, 257)",True,1.4142135623730951
1407,"(229, 258)","(231, 257)",True,2.23606797749979
1408,"(228, 257)","(229, 257)",True,1.0
1409,"(226, 257)","(228, 256)",True,2.23606797749979
1410,"(224, 257)","(225, 256)",True,1.4142135623730951
1411,"(223, 257)","(224, 256)",True,1.4142135623730951
1412,"(222, 257)","(222, 256)",True,1.0
1413,"(221, 256)","(221, 256)",True,0.0
1414,"(220, 256)","(220, 255)",True,1.0
1415,"(219, 256)","(219, 255)",True,1.0
1416,"(218, 256)","(218, 255)",True,1.0
1417,"(216, 255)","(217, 255)",True,1.0
1418,"(215, 255)","(215, 254)",True,1.0
1419,"(213, 254)","(214, 254)",True,1.0
1420,"(212, 254)","(214, 254)",True,2.0
1421,"(211, 253)","(212, 253)",True,1.0
1422,"(210, 253)","(212, 253)",True,2.0
1423,"(210, 252)","(211, 253)",True,1.4142135623730951
1424,"(209, 252)","(210, 252)",True,1.0
1425,"(208, 251)","(208, 251)",True,0.0
1426,"(206, 249)","(205, 249)",True,1.0
1427,"(204, 247)","(200, 245)",True,4.47213595499958
1428,"(202, 246)","(199, 243)",True,4.242640687119285
1429,"(200, 244)","(199, 242)",True,2.23606797749979
1430,"(198, 242)","(198, 242)",True,0.0
1431,"(198, 241)","(198, 241)",True,0.0
1432,"(197, 241)","(197, 241)",True,0.0
1433,"(197, 240)","(197, 241)",True,1.0
1434,"(196, 240)","(196, 240)",True,0.0
1435,"(196, 239)","(196, 240)",True,1.0
1436,"(195, 239)","(195, 239)",True,0.0
1437,"(195, 239)","(195, 239)",True,0.0
1438,"(194, 239)","(194, 239)",True,0.0
1439,"(194, 239)","(194, 239)",True,0.0
1440,"(193, 239)","(194, 239)",True,1.0
1441,"(193, 239)","(193, 239)",True,0.0
1442,"(193, 239)","(193, 239)",True,0.0
1443,"(193, 239)","(193, 239)",True,0.0
1444,"(193, 239)","(193, 238)",True,1.0
1445,"(193, 239)","(193, 238)",True,1.0
1446,"(192, 241)","(193, 239)",True,2.23606797749979
1447,"(191, 243)","(193, 239)",True,4.47213595499958
1448,"(190, 244)","(191, 242)",True,2.23606797749979
1449,"(189, 246)","(189, 246)",True,0.0
1450,"(188, 248)","(188, 247)",True,1.0
1451,"(188, 248)","(188, 249)",True,1.0
1452,"(188, 249)","(187, 249)",True,1.0
1453,"(187, 249)","(187, 249)",True,0.0
1454,"(187, 250)","(187, 249)",True,1.0
1455,"(187, 250)","(187, 249)",True,1.0
1456,"(187, 250)","(187, 250)",True,0.0
1457,"(187, 250)","(187, 250)",True,0.0
1458,"(187, 250)","(187, 250)",True,0.0
1459,"(187, 250)","(187, 250)",True,0.0
1460,"(187, 250)","(188, 249)",True,1.4142135623730951
1461,"(188, 250)","(188, 249)",True,1.0
1462,"(188, 249)","(188, 249)",True,0.0
1463,"(189, 249)","(189, 249)",True,0.0
1464,"(189, 248)","(189, 248)",True,0.0
1465,"(190, 248)","(190, 248)",True,0.0
1466,"(190, 245)","(190, 247)",True,2.0
1467,"(190, 242)","(190, 247)",True,5.0
1468,"(190, 240)","(191, 245)",True,5.0990195135927845
1469,"(190, 237)","(190, 239)",True,2.0
1470,"(190, 234)","(190, 234)",True,0.0
1471,"(190, 233)","(191, 232)",True,1.4142135623730951
1472,"(191, 232)","(191, 232)",True,0.0
1473,"(191, 231)","(192, 232)",True,1.4142135623730951
1474,"(192, 230)","(193, 230)",True,1.0
1475,"(192, 229)","(193, 230)",True,1.4142135623730951
1476,"(193, 228)","(194, 229)",True,1.4142135623730951
1477,"(193, 227)","(194, 228)",True,1.4142135623730951
1478,"(194, 227)","(195, 227)",True,1.0
1479,"(194, 226)","(195, 226)",True,1.0
1480,"(195, 225)","(196, 225)",True,1.0
1481,"(196, 225)","(196, 225)",True,0.0
1482,"(196, 224)","(196, 224)",True,0.0
1483,"(197, 224)","(197, 224)",True,0.0
1484,"(197, 223)","(197, 223)",True,0.0
1485,"(198, 223)","(198, 223)",True,0.0
1486,"(199, 222)","(198, 222)",True,1.0
1487,"(199, 222)","(199, 222)",True,0.0
1488,"(200, 221)","(200, 221)",True,0.0
1489,"(200, 221)","(201, 220)",True,1.4142135623730951
1490,"(201, 220)","(201, 219)",True,1.0
1491,"(202, 220)","(202, 219)",True,1.0
1492,"(202, 219)","(203, 218)",True,1.4142135623730951
1493,"(203, 219)","(203, 219)",True,0.0
1494,"(203, 218)","(204, 218)",True,1.0
1495,"(204, 218)","(205, 218)",True,1.0
1496,"(205, 218)","(205, 218)",True,0.0
1497,"(206, 218)","(206, 218)",True,0.0
1498,"(206, 217)","(207, 218)",True,1.4142135623730951
1499,"(207, 217)","(207, 218)",True,1.0
1500,"(208, 217)","(208, 217)",True,0.0
1501,"(209, 217)","(208, 217)",True,1.0
1502,"(209, 217)","(209, 217)",True,0.0
1503,"(210, 217)","(210, 217)",True,0.0
1504,"(210, 217)","(210, 217)",True,0.0
1505,"(211, 217)","(211, 217)",True,0.0
1506,"(212, 217)","(213, 218)",True,1.4142135623730951
1507,"(213, 218)","(214, 218)",True,1.0
1508,"(214, 218)","(215, 218)",True,1.0
1509,"(215, 219)","(216, 218)",True,1.4142135623730951
1510,"(216, 219)","(217, 218)",True,1.4142135623730951
1511,"(217, 219)","(218, 218)",True,1.4142135623730951
1512,"(219, 219)","(219, 219)",True,0.0
1513,"(220, 219)","(220, 219)",True,0.0
1514,"(222, 219)","(221, 219)",True,1.0
1515,"(223, 219)","(223, 219)",True,0.0
1516,"(224, 219)","(224, 219)",True,0.0
1517,"(226, 219)","(226, 219)",True,0.0
1518,"(227, 219)","(227, 219)",True,0.0
1519,"(229, 219)","(229, 219)",True,0.0
1520,"(230, 219)","(231, 219)",True,1.0
1521,"(232, 219)","(232, 219)",True,0.0
1522,"(234, 219)","(234, 219)",True,0.0
1523,"(235, 220)","(236, 220)",True,1.0
1524,"(237, 220)","(237, 220)",True,0.0
1525,"(239, 220)","(239, 220)",True,0.0
1526,"(241, 220)","(241, 220)",True,0.0
1527,"(243, 221)","(243, 220)",True,1.0
1528,"(245, 221)","(245, 221)",True,0.0
1529,"(247, 222)","(247, 221)",True,1.0
1530,"(249, 222)","(249, 222)",True,0.0
1531,"(251, 223)","(250, 222)",True,1.4142135623730951
1532,"(253, 223)","(253, 222)",True,1.0
1533,"(254, 224)","(254, 223)",True,1.0
1534,"(256, 224)","(257, 224)",True,1.0
1535,"(258, 225)","(259, 224)",True,1.4142135623730951
1536,"(261, 226)","(261, 225)",True,1.0
1537,"(264, 227)","(266, 226)",True,2.23606797749979
1538,"(267, 227)","(268, 227)",True,1.0
1539,"(270, 228)","(271, 228)",True,1.0
1540,"(273, 229)","(273, 229)",True,0.0
1541,"(276, 230)","(275, 230)",True,1.0
1542,"(279, 231)","(280, 232)",True,1.4142135623730951
1543,"(282, 233)","(282, 233)",True,0.0
1544,"(285, 234)","(284, 234)",True,1.0
1545,"(288, 235)","(287, 235)",True,1.0
1546,"(290, 236)","(288, 236)",True,2.0
1547,"(292, 237)","(291, 237)",True,1.0
1548,"(295, 237)","(292, 238)",True,3.1622776601683795
1549,"(297, 238)","(295, 238)",True,2.0
1550,"(299, 239)","(185, 93)",True,185.23498589629335
1551,"(302, 240)","(169, 133)",True,170.6985647274165
1552,"(304, 241)","(301, 241)",True,3.0
1553,"(307, 243)","(181, 97)",True,192.85227507084275
1554,"(309, 244)","(309, 244)",True,0.0
1555,"(312, 245)","(189, 97)",True,192.43960091415696
1556,"(314, 246)","(314, 246)",True,0.0
1557,"(316, 247)","(315, 247)",True,1.0
1558,"(319, 249)","(225, 161)",True,128.76334882255898
1559,"(321, 250)","(319, 249)",True,2.23606797749979
1560,"(323, 251)","(322, 250)",True,1.4142135623730951
1561,"(326, 253)","(328, 255)",True,2.8284271247461903
1562,"(330, 255)","(332, 257)",True,2.8284271247461903
1563,"(333, 256)","(245, 177)",True,118.25819210524064
1564,"(337, 258)","(241, 177)",True,125.60652849274993
1565,"(340, 260)","(339, 261)",True,1.4142135623730951
1566,"(341, 261)","(241, 177)",True,130.59862173851607
1567,"(343, 262)","(342, 263)",True,1.4142135623730951
1568,"(344, 263)","(344, 264)",True,1.0
1569,"(346, 264)","(343, 267)",True,4.242640687119285
1570,"(347, 265)","(345, 265)",True,2.0
1571,"(348, 266)","(347, 267)",True,1.4142135623730951
1572,"(350, 266)","(241, 169)",True,145.91093173576817
1573,"(351, 267)","(249, 185)",True,130.87398519186308
1574,"(353, 267)","(233, 165)",True,157.49285698088025
1575,"(354, 268)","(353, 270)",True,2.23606797749979
1576,"(355, 269)","(241, 177)",True,146.4923206178399
1577,"(357, 270)","(355, 271)",True,2.23606797749979
1578,"(358, 270)","(356, 272)",True,2.8284271247461903
1579,"(360, 271)","(357, 272)",True,3.1622776601683795
1580,"(361, 272)","(359, 273)",True,2.23606797749979
1581,"(362, 273)","(253, 189)",True,137.6117727521886
1582,"(364, 274)","(249, 173)",True,153.05554547287727
1583,"(365, 274)","(253, 189)",True,140.60227594174995
1584,"(367, 275)","(365, 277)",True,2.8284271247461903
1585,"(368, 276)","(366, 278)",True,2.8284271247461903
1586,"(371, 279)","(368, 279)",True,3.0
1587,"(374, 282)","(372, 283)",True,2.23606797749979
1588,"(378, 284)","(379, 288)",True,4.123105625617661
1589,"(381, 287)","(285, 217)",True,118.81077392223317
1590,"(384, 290)","(383, 292)",True,2.23606797749979
1591,"(385, 291)","(285, 217)",True,124.4025723206719
1592,"(386, 292)","(385, 294)",True,2.23606797749979
1593,"(388, 292)","(289, 217)",True,124.2014492669067
1594,"(389, 293)","(388, 296)",True,3.1622776601683795
1595,"(390, 294)","(389, 297)",True,3.1622776601683795
1596,"(391, 295)","(390, 297)",True,2.23606797749979
1597,"(391, 295)","(289, 221)",True,126.01587201618692
1598,"(392, 296)","(289, 221)",True,127.41271522104849
1599,"(392, 296)","(289, 221)",True,127.41271522104849
1600,"(393, 297)","(293, 221)",True,125.60254774486066
1601,"(393, 298)","(293, 225)",True,123.81033882515628
1602,"(394, 298)","(293, 225)",True,124.61942063739504
1603,"(394, 299)","(293, 225)",True,125.2078272313676
1604,"(395, 299)","(293, 225)",True,126.01587201618692
1605,"(395, 300)","(293, 225)",True,126.60568707605516
1606,"(396, 299)","(301, 201)",True,136.48809471891678
1607,"(397, 299)","(293, 225)",True,127.6401190848708
1608,"(397, 298)","(293, 221)",True,129.40247292845683
1609,"(398, 298)","(297, 205)",True,137.2953021774598
1610,"(399, 297)","(289, 201)",True,146.0
1611,"(399, 297)","(293, 221)",True,130.43005788544295
1612,"(399, 297)","(297, 221)",True,127.20062892926276
1613,"(399, 297)","(297, 221)",True,127.20062892926276
1614,"(399, 297)","(293, 217)",True,132.80060240827223
1615,"(399, 297)","(293, 205)",True,140.356688476182
1616,"(399, 297)","(293, 217)",True,132.80060240827223
1617,"(399, 297)","(301, 201)",True,137.18600511714013
1618,"(399, 296)","(289, 201)",True,145.34441853748632
1619,"(399, 296)","(301, 205)",True,133.73481222179961
1620,"(399, 296)","(297, 205)",True,136.69308687713507
1621,"(399, 296)","(297, 205)",True,136.69308687713507
1622,"(399, 296)","(301, 201)",True,136.48809471891678
1623,"(399, 297)","(293, 217)",True,132.80060240827223
1624,"(399, 297)","(297, 221)",True,127.20062892926276
1625,"(399, 297)","(293, 217)",True,132.80060240827223
1626,"(399, 297)","(293, 217)",True,132.80060240827223
1627,"(399, 298)","(293, 221)",True,131.01526628603247
1628,"(398, 298)","(293, 221)",True,130.20752666416791
1629,"(398, 299)","(293, 221)",True,130.80137613954986
1630,"(398, 299)","(293, 221)",True,130.80137613954986
1631,"(398, 300)","(301, 201)",True,138.6001443000692
1632,"(398, 300)","(289, 221)",True,134.61797799699713
1633,"(397, 301)","(293, 225)",True,128.80993750483694
1634,"(397, 301)","(293, 225)",True,128.80993750483694
1635,"(397, 302)","(293, 225)",True,129.40247292845683
1636,"(397, 303)","(301, 205)",True,137.18600511714013
1637,"(397, 304)","(293, 225)",True,130.60245020672468
1638,"(397, 304)","(293, 221)",True,133.06013678032951
1639,"(397, 305)","(293, 221)",True,133.68619973654722
1640,"(397, 306)","(293, 229)",True,129.40247292845683
1641,"(397, 307)","(293, 229)",True,130.0
1642,"(397, 308)","(293, 233)",True,128.22246293064254
1643,"(396, 308)","(293, 233)",True,127.41271522104849
1644,"(396, 309)","(293, 233)",True,128.00390619039717
1645,"(396, 310)","(293, 233)",True,128.6001555209013
1646,"(396, 312)","(293, 233)",True,129.80754985747168
1647,"(397, 314)","(281, 217)",True,151.21177202850313
1648,"(397, 316)","(269, 197)",True,174.77127910500627
1649,"(398, 318)","(289, 233)",True,138.2244551445221
1650,"(398, 320)","(269, 201)",True,175.50498568416796
1651,"(398, 321)","(398, 324)",True,3.0
1652,"(397, 321)","(397, 325)",True,4.0
1653,"(397, 322)","(397, 324)",True,2.0
1654,"(396, 322)","(293, 245)",True,128.6001555209013
1655,"(396, 323)","(269, 197)",True,178.89941307897016
1656,"(396, 323)","(301, 201)",True,154.62535367784935
1657,"(396, 324)","(396, 327)",True,3.0
1658,"(395, 324)","(269, 225)",True,160.2404443328837
1659,"(395, 325)","(396, 328)",True,3.1622776601683795
1660,"(395, 325)","(265, 209)",True,174.22973339817747
1661,"(395, 325)","(395, 329)",True,4.0
1662,"(394, 326)","(395, 329)",True,3.1622776601683795
1663,"(394, 326)","(394, 329)",True,3.0
1664,"(393, 327)","(265, 201)",True,179.61069010501575
1665,"(393, 327)","(265, 201)",True,179.61069010501575
1666,"(393, 328)","(393, 330)",True,2.0
1667,"(392, 329)","(393, 330)",True,1.4142135623730951
1668,"(392, 331)","(265, 197)",True,184.6212338816963
1669,"(391, 332)","(261, 213)",True,176.24131184259835
1670,"(391, 333)","(261, 209)",True,179.655225362359
1671,"(391, 332)","(391, 331)",True,1.0
1672,"(390, 332)","(261, 221)",True,170.182255244194
1673,"(390, 331)","(390, 332)",True,1.0
1674,"(389, 331)","(390, 332)",True,1.4142135623730951
1675,"(389, 330)","(389, 332)",True,2.0
1676,"(388, 330)","(257, 209)",True,178.33115263464205
1677,"(388, 330)","(257, 205)",True,181.06904760339356
1678,"(387, 330)","(388, 332)",True,2.23606797749979
1679,"(387, 330)","(387, 333)",True,3.0
1680,"(386, 330)","(386, 332)",True,2.0
1681,"(384, 329)","(385, 332)",True,3.1622776601683795
1682,"(382, 329)","(385, 333)",True,5.0
1683,"(381, 328)","(384, 332)",True,5.0
1684,"(379, 328)","(382, 331)",True,4.242640687119285
1685,"(377, 327)","(376, 328)",True,1.4142135623730951
1686,"(375, 326)","(371, 325)",True,4.123105625617661
1687,"(374, 324)","(371, 325)",True,3.1622776601683795
1688,"(372, 323)","(370, 324)",True,2.23606797749979
1689,"(371, 321)","(265, 217)",True,148.49915824677257
1690,"(369, 320)","(241, 193)",True,180.31361568112376
1691,"(368, 319)","(367, 321)",True,2.23606797749979
1692,"(367, 318)","(245, 197)",True,171.82840277439584
1693,"(365, 318)","(253, 197)",True,164.87874332369228
1694,"(364, 317)","(253, 205)",True,157.68639763784319
1695,"(363, 316)","(245, 225)",True,149.01342221424215
1696,"(362, 315)","(273, 229)",True,123.76186811776881
1697,"(361, 315)","(241, 229)",True,147.63468427168462
1698,"(359, 314)","(359, 316)",True,2.0
1699,"(358, 314)","(229, 189)",True,179.62739212046696
1700,"(357, 313)","(356, 314)",True,1.4142135623730951
1701,"(356, 312)","(229, 201)",True,168.67127793433
1702,"(354, 312)","(353, 315)",True,3.1622776601683795
1703,"(353, 311)","(233, 229)",True,145.3409783921933
1704,"(351, 311)","(351, 312)",True,1.0
1705,"(350, 310)","(350, 312)",True,2.0
1706,"(349, 310)","(347, 314)",True,4.47213595499958
1707,"(347, 309)","(346, 311)",True,2.23606797749979
1708,"(346, 309)","(221, 185)",True,176.07100840286
1709,"(344, 308)","(344, 310)",True,2.0
1710,"(343, 308)","(341, 310)",True,2.8284271247461903
1711,"(341, 307)","(340, 308)",True,1.4142135623730951
1712,"(339, 306)","(338, 309)",True,3.1622776601683795
1713,"(338, 306)","(336, 308)",True,2.8284271247461903
1714,"(336, 305)","(335, 306)",True,1.4142135623730951
1715,"(334, 304)","(332, 306)",True,2.8284271247461903
1716,"(332, 303)","(245, 205)",True,131.04579352272242
1717,"(330, 302)","(329, 305)",True,3.1622776601683795
1718,"(329, 301)","(328, 302)",True,1.4142135623730951
1719,"(327, 300)","(325, 303)",True,3.605551275463989
1720,"(325, 299)","(324, 301)",True,2.23606797749979
1721,"(323, 298)","(321, 301)",True,3.605551275463989
1722,"(321, 297)","(320, 299)",True,2.23606797749979
1723,"(319, 297)","(317, 298)",True,2.23606797749979
1724,"(317, 296)","(316, 297)",True,1.4142135623730951
1725,"(315, 295)","(314, 296)",True,1.4142135623730951
1726,"(312, 294)","(312, 295)",True,1.0
1727,"(310, 293)","(309, 294)",True,1.4142135623730951
1728,"(307, 291)","(305, 292)",True,2.23606797749979
1729,"(305, 290)","(303, 291)",True,2.23606797749979
1730,"(302, 289)","(301, 290)",True,1.4142135623730951
1731,"(300, 288)","(299, 289)",True,1.4142135623730951
1732,"(298, 287)","(296, 288)",True,2.23606797749979
1733,"(295, 287)","(294, 287)",True,1.0
1734,"(293, 286)","(293, 286)",True,0.0
1735,"(291, 285)","(291, 285)",True,0.0
1736,"(289, 284)","(288, 284)",True,1.0
1737,"(286, 283)","(287, 283)",True,1.0
1738,"(284, 281)","(285, 282)",True,1.4142135623730951
1739,"(281, 280)","(282, 281)",True,1.4142135623730951
1740,"(279, 279)","(279, 278)",True,1.0
1741,"(277, 278)","(277, 278)",True,0.0
1742,"(275, 277)","(275, 277)",True,0.0
1743,"(272, 276)","(273, 276)",True,1.0
1744,"(270, 275)","(271, 275)",True,1.0
1745,"(268, 274)","(268, 274)",True,0.0
1746,"(266, 273)","(267, 273)",True,1.0
1747,"(263, 272)","(265, 272)",True,2.0
1748,"(261, 272)","(263, 271)",True,2.23606797749979
1749,"(258, 271)","(261, 271)",True,3.0
1750,"(256, 270)","(257, 269)",True,1.4142135623730951
1751,"(254, 269)","(254, 268)",True,1.0
1752,"(252, 268)","(252, 267)",True,1.0
1753,"(250, 268)","(250, 266)",True,2.0
1754,"(248, 267)","(248, 266)",True,1.0
1755,"(246, 266)","(247, 265)",True,1.4142135623730951
1756,"(244, 265)","(245, 264)",True,1.4142135623730951
1757,"(242, 264)","(243, 264)",True,1.0
1758,"(241, 264)","(241, 263)",True,1.0
1759,"(239, 263)","(239, 262)",True,1.0
1760,"(237, 262)","(237, 261)",True,1.0
1761,"(235, 262)","(235, 261)",True,1.0
1762,"(233, 261)","(233, 260)",True,1.0
1763,"(231, 261)","(231, 260)",True,1.0
1764,"(229, 260)","(229, 259)",True,1.0
1765,"(227, 260)","(228, 259)",True,1.4142135623730951
1766,"(225, 259)","(226, 258)",True,1.4142135623730951
1767,"(223, 259)","(224, 258)",True,1.4142135623730951
1768,"(221, 258)","(222, 258)",True,1.0
1769,"(219, 258)","(219, 257)",True,1.0
1770,"(217, 257)","(217, 257)",True,0.0
1771,"(214, 257)","(216, 256)",True,2.23606797749979
1772,"(212, 257)","(214, 256)",True,2.23606797749979
1773,"(209, 256)","(212, 256)",True,3.0
1774,"(207, 256)","(208, 256)",True,1.0
1775,"(204, 256)","(204, 255)",True,1.0
1776,"(203, 256)","(203, 255)",True,1.0
1777,"(202, 255)","(202, 255)",True,0.0
1778,"(201, 255)","(200, 254)",True,1.4142135623730951
1779,"(200, 254)","(199, 254)",True,1.0
1780,"(199, 254)","(198, 254)",True,1.0
1781,"(198, 254)","(197, 253)",True,1.4142135623730951
1782,"(197, 253)","(196, 253)",True,1.0
1783,"(196, 253)","(195, 253)",True,1.0
1784,"(195, 252)","(194, 252)",True,1.0
1785,"(194, 252)","(193, 252)",True,1.0
1786,"(193, 252)","(192, 251)",True,1.4142135623730951
1787,"(192, 251)","(191, 251)",True,1.0
1788,"(191, 251)","(191, 250)",True,1.0
1789,"(190, 250)","(190, 250)",True,0.0
1790,"(189, 250)","(189, 250)",True,0.0
1791,"(188, 249)","(188, 250)",True,1.0
1792,"(187, 248)","(187, 248)",True,0.0
1793,"(187, 247)","(185, 246)",True,2.23606797749979
1794,"(186, 246)","(185, 245)",True,1.4142135623730951
1795,"(185, 245)","(184, 245)",True,1.0
1796,"(184, 244)","(184, 244)",True,0.0
1797,"(183, 244)","(183, 243)",True,1.0
1798,"(183, 243)","(182, 243)",True,1.0
1799,"(182, 243)","(181, 243)",True,1.0
1800,"(181, 242)","(181, 243)",True,1.0
1801,"(180, 241)","(180, 242)",True,1.0
1802,"(179, 241)","(179, 241)",True,0.0
1803,"(179, 240)","(178, 240)",True,1.0
1804,"(178, 240)","(178, 240)",True,0.0
1805,"(177, 239)","(177, 240)",True,1.0
1806,"(176, 239)","(176, 240)",True,1.0
1807,"(176, 239)","(176, 240)",True,1.0
1808,"(175, 239)","(175, 240)",True,1.0
1809,"(175, 239)","(174, 240)",True,1.4142135623730951
1810,"(174, 239)","(174, 239)",True,0.0
1811,"(174, 239)","(173, 239)",True,1.0
1812,"(173, 239)","(173, 239)",True,0.0
1813,"(173, 239)","(172, 239)",True,1.0
1814,"(172, 239)","(172, 239)",True,0.0
1815,"(172, 239)","(172, 239)",True,0.0
1816,"(172, 239)","(172, 238)",True,1.0
1817,"(172, 239)","(172, 238)",True,1.0
1818,"(172, 238)","(172, 238)",True,0.0
1819,"(172, 238)","(171, 238)",True,1.0
1820,"(172, 238)","(171, 238)",True,1.0
1821,"(172, 238)","(172, 238)",True,0.0
1822,"(172, 237)","(172, 237)",True,0.0
1823,"(172, 237)","(171, 237)",True,1.0
1824,"(172, 236)","(172, 237)",True,1.0
1825,"(172, 236)","(172, 237)",True,1.0
1826,"(172, 236)","(172, 237)",True,1.0
1827,"(172, 236)","(172, 236)",True,0.0
1828,"(172, 236)","(172, 236)",True,0.0
1829,"(172, 236)","(172, 236)",True,0.0
1830,"(172, 236)","(172, 236)",True,0.0
1831,"(171, 237)","(172, 237)",True,1.0
1832,"(171, 238)","(172, 237)",True,1.4142135623730951
1833,"(170, 239)","(172, 237)",True,2.8284271247461903
1834,"(170, 240)","(168, 242)",True,2.8284271247461903
1835,"(169, 241)","(169, 242)",True,1.0
1836,"(169, 242)","(169, 242)",True,0.0
1837,"(170, 242)","(169, 243)",True,1.4142135623730951
1838,"(170, 243)","(169, 243)",True,1.0
1839,"(171, 243)","(170, 244)",True,1.4142135623730951
1840,"(171, 244)","(170, 245)",True,1.4142135623730951
1841,"(171, 244)","(170, 245)",True,1.4142135623730951
1842,"(171, 245)","(171, 245)",True,0.0
1843,"(172, 245)","(171, 246)",True,1.4142135623730951
1844,"(172, 246)","(171, 246)",True,1.0
1845,"(172, 246)","(171, 247)",True,1.4142135623730951
1846,"(172, 247)","(171, 247)",True,1.0
1847,"(172, 248)","(172, 248)",True,0.0
1848,"(173, 248)","(172, 249)",True,1.4142135623730951
1849,"(173, 249)","(172, 250)",True,1.4142135623730951
1850,"(173, 250)","(172, 250)",True,1.0
1851,"(173, 250)","(172, 250)",True,1.0
1852,"(173, 251)","(172, 251)",True,1.0
1853,"(173, 251)","(173, 251)",True,0.0
1854,"(173, 252)","(173, 251)",True,1.0
1855,"(173, 252)","(173, 252)",True,0.0
1856,"(174, 254)","(173, 254)",True,1.0
1857,"(175, 257)","(176, 259)",True,2.23606797749979
1858,"(175, 259)","(176, 262)",True,3.1622776601683795
1859,"(176, 262)","(176, 263)",True,1.0
1860,"(177, 264)","(176, 264)",True,1.0
1861,"(177, 265)","(176, 264)",True,1.4142135623730951
1862,"(177, 266)","(176, 265)",True,1.4142135623730951
1863,"(177, 266)","(177, 266)",True,0.0
1864,"(177, 267)","(137, 234)",True,51.85556864985669
1865,"(177, 268)","(177, 267)",True,1.0
1866,"(177, 268)","(177, 267)",True,1.0
1867,"(177, 268)","(177, 268)",True,0.0
1868,"(178, 269)","(61, 149)",True,167.59773268156107
1869,"(178, 269)","(178, 269)",True,0.0
1870,"(178, 269)","(61, 117)",True,191.81501505356664
1871,"(178, 269)","(178, 269)",True,0.0
1872,"(178, 270)","(178, 269)",True,1.0
1873,"(179, 270)","(61, 117)",True,193.2174940319846
1874,"(179, 271)","(61, 117)",True,194.0103090044444
1875,"(179, 271)","(178, 270)",True,1.4142135623730951
1876,"(179, 271)","(65, 117)",True,191.60375779195982
1877,"(179, 271)","(179, 271)",True,0.0
1878,"(180, 272)","(65, 117)",True,193.00259065618783
1879,"(180, 272)","(179, 272)",True,1.0
1880,"(180, 272)","(65, 121)",True,189.805163259591
1881,"(179, 273)","(65, 121)",True,190.0
1882,"(178, 275)","(176, 275)",True,2.0
1883,"(178, 276)","(175, 277)",True,3.1622776601683795
1884,"(177, 278)","(175, 277)",True,2.23606797749979
1885,"(176, 279)","(175, 277)",True,2.23606797749979
1886,"(176, 279)","(57, 125)",True,194.62014284240982
1887,"(176, 279)","(57, 125)",True,194.62014284240982
1888,"(177, 280)","(176, 278)",True,2.23606797749979
1889,"(177, 280)","(176, 278)",True,2.23606797749979
1890,"(177, 280)","(61, 125)",True,193.60010330575756
1891,"(178, 280)","(61, 125)",True,194.20092687729377
1892,"(178, 280)","(61, 125)",True,194.20092687729377
1893,"(179, 281)","(61, 125)",True,195.6016359849784
1894,"(179, 281)","(178, 280)",True,1.4142135623730951
1895,"(180, 281)","(69, 125)",True,191.4601786273062
1896,"(181, 281)","(57, 129)",True,196.16319736382766
1897,"(182, 282)","(57, 129)",True,197.57024067404484
1898,"(182, 282)","(61, 129)",True,195.0640920313116
1899,"(183, 283)","(57, 133)",True,195.8979326077741
1900,"(184, 283)","(57, 133)",True,196.5426162439078
1901,"(185, 284)","(57, 133)",True,197.9520143873257
1902,"(186, 285)","(184, 283)",True,2.8284271247461903
1903,"(188, 285)","(73, 129)",True,193.80660463462024
1904,"(189, 286)","(77, 129)",True,192.85486771144772
1905,"(190, 287)","(69, 133)",True,195.8494319624134
1906,"(192, 287)","(191, 286)",True,1.4142135623730951
1907,"(193, 288)","(192, 287)",True,1.4142135623730951
1908,"(195, 288)","(53, 209)",True,162.49615380063616
1909,"(196, 289)","(196, 288)",True,1.0
1910,"(198, 289)","(41, 189)",True,186.14241859393576
1911,"(200, 290)","(53, 197)",True,173.9482681718907
1912,"(202, 291)","(49, 197)",True,179.56892826989863
1913,"(203, 291)","(49, 193)",True,182.53766734567415
1914,"(205, 292)","(206, 293)",True,1.4142135623730951
1915,"(207, 293)","(145, 177)",True,131.52946437965906
1916,"(209, 294)","(145, 177)",True,133.3604139165742
1917,"(211, 294)","(211, 295)",True,1.0
1918,"(212, 295)","(213, 295)",True,1.0
1919,"(214, 295)","(145, 169)",True,143.65583872575453
1920,"(216, 296)","(216, 296)",True,0.0
1921,"(218, 296)","(218, 297)",True,1.0
1922,"(220, 297)","(220, 297)",True,0.0
1923,"(221, 297)","(221, 298)",True,1.0
1924,"(223, 298)","(223, 298)",True,0.0
1925,"(225, 298)","(225, 299)",True,1.0
1926,"(228, 299)","(227, 300)",True,1.4142135623730951
1927,"(230, 300)","(232, 301)",True,2.23606797749979
1928,"(233, 301)","(234, 302)",True,1.4142135623730951
1929,"(235, 302)","(236, 302)",True,1.0
1930,"(238, 303)","(238, 303)",True,0.0
1931,"(241, 305)","(240, 304)",True,1.4142135623730951
1932,"(244, 306)","(242, 305)",True,2.23606797749979
1933,"(248, 308)","(246, 306)",True,2.8284271247461903
1934,"(251, 309)","(252, 310)",True,1.4142135623730951
1935,"(254, 311)","(255, 312)",True,1.4142135623730951
1936,"(256, 312)","(256, 313)",True,1.0
1937,"(257, 313)","(258, 314)",True,1.4142135623730951
1938,"(259, 314)","(259, 315)",True,1.0
1939,"(260, 315)","(261, 315)",True,1.0
1940,"(262, 316)","(262, 316)",True,0.0
1941,"(264, 317)","(264, 317)",True,0.0
1942,"(265, 318)","(265, 318)",True,0.0
1943,"(267, 318)","(267, 318)",True,0.0
1944,"(268, 319)","(268, 319)",True,0.0
1945,"(270, 320)","(269, 320)",True,1.0
1946,"(271, 321)","(271, 320)",True,1.0
1947,"(273, 321)","(272, 321)",True,1.0
1948,"(274, 322)","(274, 322)",True,0.0
1949,"(276, 322)","(276, 322)",True,0.0
1950,"(277, 323)","(277, 323)",True,0.0
1951,"(279, 323)","(279, 323)",True,0.0
1952,"(281, 324)","(281, 324)",True,0.0
1953,"(282, 324)","(282, 325)",True,1.0
1954,"(284, 325)","(284, 325)",True,0.0
1955,"(286, 325)","(286, 325)",True,0.0
1956,"(288, 325)","(287, 326)",True,1.4142135623730951
1957,"(290, 326)","(289, 326)",True,1.0
1958,"(291, 326)","(292, 326)",True,1.0
1959,"(293, 327)","(294, 326)",True,1.4142135623730951
1960,"(295, 327)","(295, 327)",True,0.0
1961,"(297, 327)","(297, 327)",True,0.0
1962,"(298, 328)","(299, 327)",True,1.4142135623730951
1963,"(300, 328)","(302, 328)",True,2.0
1964,"(301, 329)","(303, 328)",True,2.23606797749979
1965,"(303, 329)","(189, 169)",True,196.45864704817652
1966,"(305, 329)","(306, 329)",True,1.0
1967,"(306, 329)","(307, 329)",True,1.0
1968,"(308, 329)","(309, 329)",True,1.0
1969,"(309, 329)","(310, 329)",True,1.0
1970,"(311, 329)","(312, 329)",True,1.0
1971,"(314, 329)","(317, 331)",True,3.605551275463989
1972,"(317, 330)","(322, 332)",True,5.385164807134504
1973,"(321, 330)","(324, 332)",True,3.605551275463989
1974,"(324, 331)","(325, 332)",True,1.4142135623730951
1975,"(327, 331)","(327, 332)",True,1.0
1976,"(328, 331)","(328, 332)",True,1.0
1977,"(329, 331)","(329, 332)",True,1.0
1978,"(330, 332)","(330, 333)",True,1.0
1979,"(331, 332)","(331, 333)",True,1.0
1980,"(332, 332)","(331, 334)",True,2.23606797749979
1981,"(333, 332)","(332, 334)",True,2.23606797749979
1982,"(334, 333)","(333, 334)",True,1.4142135623730951
1983,"(335, 333)","(335, 334)",True,1.0
1984,"(336, 334)","(335, 334)",True,1.0
1985,"(337, 334)","(336, 335)",True,1.4142135623730951
1986,"(338, 334)","(337, 335)",True,1.4142135623730951
1987,"(339, 334)","(339, 335)",True,1.0
1988,"(339, 335)","(339, 336)",True,1.0
1989,"(340, 335)","(340, 335)",True,0.0
1990,"(341, 335)","(341, 336)",True,1.0
1991,"(343, 336)","(342, 336)",True,1.0
1992,"(345, 337)","(343, 337)",True,2.0
1993,"(348, 338)","(343, 337)",True,5.0990195135927845
1994,"(350, 339)","(345, 338)",True,5.0990195135927845
1995,"(352, 340)","(351, 341)",True,1.4142135623730951
1996,"(354, 340)","(356, 342)",True,2.8284271247461903
1997,"(356, 341)","(357, 343)",True,2.23606797749979
1998,"(357, 342)","(358, 343)",True,1.4142135623730951
1999,"(359, 342)","(358, 343)",True,1.4142135623730951
Total Frames,Total Measurements,Failed,Average Error
2000,2000,0,46.48207045258909
